track_id,artists,album_name,track_name,popularity,duration_ms,explicit,danceability,energy,key,loudness,mode,speechiness,acousticness,instrumentalness,liveness,valence,tempo,time_signature,track_genre
5kVZxyMY1gfdCLiChsfjn1,Bad Bunny,Un Verano Sin Ti,Yo No Soy Celoso,85,230704,True,0.872,0.588,0,-6.276,1,0.0492,0.275,0.0,0.17,0.93,142.004,4,reggaeton
46IZ0fSY2mpAiktS3KOqds,Adele,30,Easy On Me,82,224694,False,0.604,0.366,5,-7.519,1,0.0282,0.578,0.0,0.133,0.13,141.981,4,british
2J2Z1SkXYghSajLibnQHOa,Sia,This Is Acting,Unstoppable,81,217746,False,0.468,0.779,9,-4.839,1,0.0779,0.112,0.000373,0.101,0.26,173.799,4,pop
5902W4uHWzhtOff1UK7the,Alesso;Katy Perry,When I’m Gone (with Katy Perry),When I’m Gone (with Katy Perry),80,161266,False,0.685,0.886,0,-4.179,1,0.034,0.028,0.0,0.481,0.615,125.034,4,electro
4UDmDIqJIbrW0hMBQMFOsM,Bee Gees,Staying Alive (Original Motion Picture Soundtrack),Stayin' Alive,77,92866,False,0.707,0.535,10,-19.793,0,0.0436,0.113,0.00615,0.0884,0.641,103.644,4,disco
0b11D9D0hMOYCIMN3OKreM,Witt Lowry;Ava Max,Into Your Arms (feat. Ava Max),Into Your Arms (feat. Ava Max),77,186022,True,0.504,0.788,3,-4.113,0,0.215,0.0134,0.0,0.363,0.228,170.039,4,pop
6KHsTu4Ht4XYiWcZOOdwbW,Fresh,Chop (Nouvelle École),Chop (Nouvelle École),76,195560,True,0.745,0.801,3,-6.545,0,0.724,0.439,1.13e-06,0.519,0.486,143.011,4,french
72jbDTw1piOOj770jWNeaG,The Chainsmokers,Memories...Do Not Open,Paris,74,221506,False,0.653,0.658,2,-6.428,1,0.0304,0.0215,1.66e-06,0.0939,0.219,99.99,4,dance
6k0X05danQOXSBTVek5DU1,SiM,The Rumbling,The Rumbling,73,220799,False,0.459,0.878,5,-1.399,0,0.0688,5.62e-05,0.000307,0.371,0.494,144.852,4,rock
38YgZVHPWOWsKrsCXz6JyP,Matt Nathanson,Some Mad Hope,Come On Get Higher,71,215173,False,0.672,0.623,9,-5.699,1,0.0297,0.241,0.0,0.0848,0.617,92.018,4,acoustic
0LoQuiekvzqx7n8flgEKzF,T. Rex,Electric Warrior,Get It On,71,262613,False,0.728,0.878,11,-6.926,0,0.0564,0.176,0.856,0.61,0.911,126.59,4,blues
1Mys1gf9SkMBAVGGxpkJ7d,Lost Frequencies;Janieck,Less Is More,Reality,70,159480,False,0.714,0.697,1,-7.887,0,0.032,0.0197,2e-06,0.0697,0.602,122.145,4,house
24BYTj1tb5ovZcnIbtdTYD,Seekae;Flume,Test & Recognise (Remixes),Test & Recognise - Flume Re-work,70,303660,False,0.544,0.579,8,-8.52,1,0.0712,0.193,1.43e-05,0.117,0.294,109.769,4,ambient
5FXMRdJjKq1BIX4e8Eg9mK,KK,Om Shanti Om,Ajab Si,69,241668,False,0.697,0.438,8,-8.411,1,0.0289,0.397,0.0,0.293,0.58,117.954,4,pop-film
77o1HdXHm1hLd7Ebe9ygd0,Bea Miller,THAT BITCH,THAT BITCH,68,201101,True,0.778,0.738,2,-2.164,1,0.218,0.0103,0.0,0.55,0.626,162.132,4,indie-pop
5YLHLxoZsodDWjqSgjhBf3,Bazzi,COSMIC,Myself,68,167552,False,0.745,0.561,9,-5.513,0,0.072,0.465,1.12e-06,0.0338,0.902,195.918,4,electro
5FPnjikbwlDMULCCCa6ZCJ,John Mayer,Heavier Things,Daughters,67,237906,False,0.674,0.413,2,-7.816,1,0.0274,0.836,1.95e-05,0.098,0.503,124.893,3,singer-songwriter
2Pp9osgyIcw6o1avfDDDhH,BLACKPINK,SQUARE UP,Forever Young,67,237076,False,0.592,0.961,4,-1.807,1,0.096,0.0423,0.0,0.0882,0.508,109.826,4,k-pop
59wlTaYOL5tDUgXnbBQ3my,ODESZA,A Moment Apart,A Moment Apart,66,234244,False,0.515,0.663,7,-7.896,0,0.0328,0.179,0.668,0.494,0.0756,120.024,4,chill
5xQr5TxQ77siaKfuyiJbT0,Ottawan,Hands Up,Hands Up - Single Version,66,208573,False,0.888,0.876,8,-4.249,1,0.0425,0.61,3.25e-05,0.375,0.992,123.291,4,disco
36xBFaVGjqm7le8CTHytUj,Bring Me The Horizon,POST HUMAN: SURVIVAL HORROR,Parasite Eve,65,291812,True,0.589,0.797,9,-5.464,1,0.15,0.0289,4.35e-06,0.383,0.232,102.489,4,metal
2KK9N6iBAisA0booTu3bGd,Melendi;Alejandro Sanz;Arkano,Ahora,Déjala Que Baile (with Alejandro Sanz & Arkano),64,219600,False,0.831,0.777,11,-4.456,0,0.174,0.356,0.0,0.0796,0.598,95.973,4,spanish
0H4BGX7L8UfoD0g4wgXd0D,Leeland,Way Maker,Way Maker - Single Version,64,206440,False,0.468,0.655,4,-6.384,1,0.0296,0.0149,0.0,0.104,0.222,144.045,4,alternative
2zNZ81rcbDUvOmKo0borJr,Electric Callboy;FiNCH,TEKKNO,Spaceman (feat. FiNCH),63,190000,True,0.508,0.891,4,-7.492,0,0.0539,0.000381,0.0,0.403,0.572,79.984,4,metalcore
1HGtTmgl1sEycuS9lJviWQ,Zaeden,Genesis 1:1,dooriyan,63,161624,False,0.735,0.593,11,-7.473,1,0.0885,0.731,0.178,0.135,0.475,160.07,4,indie-pop
4Du0BRUJvKybzxcRplp7HF,Arctic Monkeys,Leave Before The Lights Come On,Leave Before The Lights Come On,62,233946,False,0.365,0.887,0,-4.579,1,0.0417,0.00272,2.18e-05,0.0923,0.916,150.718,4,garage
3dJj6o9o1fRgrojWjailuz,Linkin Park,One More Light,Nobody Can Save Me,61,225546,False,0.645,0.688,11,-4.749,1,0.0341,0.0107,0.0,0.186,0.433,139.957,4,metal
5pq4v03P5PxMcnCagg4S3Z,Boyce Avenue,"Cover Sessions, Vol. 4",In Case You Didn’t Know,60,225165,False,0.633,0.299,11,-7.798,1,0.0353,0.833,0.0,0.109,0.341,147.549,4,acoustic
0EMYTe2oQy70PCKPQFlbVy,Ali Zafar,"London, Paris, New York (Original Motion Picture Soundtrack)",Voh Dekhnay Mein,59,272453,False,0.815,0.421,0,-8.125,1,0.0352,0.491,4.41e-06,0.117,0.543,140.01,4,pop-film
6Gx3Ry4ORogdMibbdITOuN,Ajay Gogavale;Shreya Ghoshal,Dhadak,Dhadak Title Track,58,243484,False,0.375,0.312,7,-10.656,0,0.031,0.85,0.00988,0.137,0.22,77.527,4,pop-film
5f5DBTOW5Y6wPiKTVcYVkg,doVicente,Superlove,Superlove,58,145737,False,0.753,0.809,6,-8.268,1,0.0637,0.317,0.0076,0.141,0.409,119.991,4,french
69Yia3qCLw6N9U80WhLwLn,Death,The Sound of Perseverance - Reissue,Voice of the Soul,58,223933,False,0.158,0.572,7,-6.293,0,0.0346,0.000926,0.893,0.144,0.347,79.176,3,death-metal
2ygHwkk6BE4o1YKF2jhrFX,Amaal Mallik;Armaan Malik;Palak Muchhal,Sanam Re,Hua Hain Aaj Pehli Baar,58,309272,False,0.495,0.729,6,-6.453,0,0.103,0.6,4.13e-05,0.0993,0.683,155.892,4,pop-film
7I8UTLiBA1ptFm04WulwhH,Arca,KICK ii,Prada,58,163348,False,0.619,0.712,4,-6.893,0,0.0328,0.103,0.0,0.24,0.35,95.025,4,club
3iRKwxW8ZDjmL9nKk3nisz,Tiwa Savage;Zinoleesky,Jaiye Foreign,Jaiye Foreign,58,190164,False,0.82,0.816,5,-6.29,0,0.077,0.0216,7.81e-05,0.0541,0.861,108.98,4,dancehall
0y4iXXlpVFJSQjlx0vQ3MZ,Alex Keeper,Forever,Forever,57,172714,False,0.763,0.457,10,-14.629,0,0.0539,0.796,0.414,0.108,0.0384,117.996,4,french
0qjux3nULEYN7Yz9jijgWz,Rarin,GTA 2,GTA 2,57,123151,False,0.627,0.652,5,-8.545,0,0.122,0.214,0.0,0.0767,0.487,160.089,4,sad
4bY2oZGA5Br3pTE1Jd1IfY,Nogizaka46,バレッタ TypeD,月の大きさ,57,236293,False,0.555,0.941,9,-3.294,0,0.0481,0.484,0.0,0.266,0.813,92.487,4,j-idol
2GDWnzRp5wsBXMBtR25dzv,Amrit Maan;Nimrat Khaira,All Bamb,Sira E Hou,57,200769,False,0.745,0.549,7,-5.137,1,0.203,0.337,0.0,0.152,0.788,77.892,4,hip-hop
7Afr3PKTtlFGHGiXYgnv6P,Ben Rector,The Walking in Between,I Like You,56,138506,False,0.624,0.334,3,-11.89,1,0.0391,0.321,3.27e-06,0.113,0.397,157.92,4,piano
5X4tAxxNC5XaSgcIW3xhj7,Sara Kays,Chosen Last,Chosen Last,56,226847,False,0.652,0.546,11,-6.497,1,0.0264,0.666,2.28e-06,0.112,0.264,99.03,4,songwriter
4YXKKnIZuk7UtXH5oC0ffa,Little Richard,Good Golly!,Lucille,56,143826,False,0.676,0.708,8,-12.115,0,0.0698,0.592,0.000307,0.166,0.919,143.669,4,rockabilly
3B0hzwc1e8AYOytj9hZS2I,Blue Stahli,Blue Stahli (Deluxe Edition),ULTRAnumb,55,265434,False,0.439,0.915,2,-7.078,0,0.0745,0.000184,0.000899,0.326,0.34,91.993,4,industrial
49Z1VQivkHoY5KGdUwMv5i,RL Grime;Hex Cougar;fknsyd,Sable Valley Summer Vol. 3,Silo (feat. fknsyd),55,247500,False,0.472,0.933,5,-4.985,0,0.195,0.0632,0.367,0.0678,0.326,159.949,4,electronic
1LDQFdGTEXOnycDC8CJ5p1,Cane Hill,A Form of Protest,A Form of Protest,54,189405,False,0.395,0.933,11,-3.6,0,0.116,8.74e-06,0.0125,0.328,0.194,92.53,4,metalcore
4xu38KnbRHbRHRwdg4KFul,Fan Sounds,Box Fan Long Loop For Sleep,Box Fan Long Loop For Sleep,54,500166,False,0.0,2.03e-05,6,-25.556,1,0.0,0.145,0.213,0.114,0.0,0.0,0,sleep
3oRP6yGs5d0kFpGRRzzaS8,Mayday,因為你 所以我,因為你 所以我,53,281799,False,0.47,0.685,11,-6.896,1,0.0363,0.188,0.0,0.112,0.488,152.103,4,mandopop
0NmnFMWMkTETNANGpVVqyc,Moore Kismet,Wasteland,Wasteland,51,183424,False,0.563,0.836,1,-3.901,0,0.0903,0.108,0.0,0.243,0.657,141.923,4,dubstep
2Yj1sRA7UENRp7p6tt8E1k,Powfu;sadeyes,Letter's You Never Received,Break Ups Suck Ass,51,164500,True,0.605,0.327,6,-7.659,1,0.037,0.866,0.0,0.125,0.608,179.839,4,sad
1g4C1BrGd4O1Dt5y0xue96,Culture Shock,Sequence,Renaissance (Edit),51,209549,False,0.458,0.981,1,-1.65,1,0.0518,0.0573,0.0363,0.172,0.143,173.882,4,drum-and-bass
0w4Sf61CbM69gDD7RVmaBD,Ronghao Li,有理想,爸爸媽媽,51,284215,False,0.67,0.507,11,-6.551,1,0.0316,0.699,0.0,0.161,0.258,101.921,4,mandopop
7rJrFX4RyhDJNV9nQIPw0y,Zé Henrique & Gabriel,Tá tudo OK Acústico,O que combina comigo é você,51,176866,False,0.669,0.671,6,-8.135,1,0.0276,0.448,0.0,0.472,0.753,131.996,4,sertanejo
5PXyH5bb5fbVfO8LjByhBb,Death Grips,The Money Store,Hustle Bones,51,192360,True,0.6,0.982,4,-2.996,0,0.201,0.104,0.0,0.343,0.277,110.015,4,industrial
4yNoaxUJjnP50AXYoAZx4S,Flux Pavilion;Matthew Koma,Tesla,Emotional,51,235275,False,0.335,0.865,11,-4.672,0,0.0944,0.0027,0.276,0.107,0.411,149.85,4,dubstep
2sCxUQfUto6uaBe1ZBHFtA,Clara Mae;Russell Dickerson,Drunk On Emotions,Alright (feat. Russell Dickerson),51,161085,False,0.544,0.738,6,-4.944,1,0.106,0.368,0.0,0.0993,0.41,146.976,4,swedish
7MiYNyj5si5yiWyeSkgzqB,Joachim Pastor;Worakls,"Hungry Music Remix, Vol. 1",Joda - Worakls Remix,50,338086,False,0.757,0.678,3,-11.225,0,0.0323,0.0399,0.849,0.129,0.13,115.01,4,techno
46JGS5Gcz5TilUnqGGHnnl,Imaginasamba;Jojo Maronttinni,Antes e depois (Ao vivo),Pega pega (Participação especial de Jojo Maronttinni) - Ao vivo,50,222184,False,0.511,0.751,11,-4.731,1,0.0924,0.844,0.0,0.962,0.732,158.1,4,pagode
6KwkVtXm8OUp2XffN5k7lY,Hillsong Worship,No Other Name,No Other Name,50,440247,False,0.369,0.598,7,-6.984,1,0.0304,0.00511,0.0,0.176,0.0466,148.014,4,world-music
5XaueS6W32nmVOFqYsmoCr,Angelmaker,Dissentient,Leech,50,285160,True,0.254,0.98,0,-4.348,1,0.138,0.00014,0.0659,0.306,0.0399,125.023,4,black-metal
0vrF0RhqGtoyzHxNpKFVeq,Darko US;Ryo Kinoshita,Oni,Hyper Kill,49,203266,True,0.258,0.997,7,-3.808,1,0.245,0.000225,0.565,0.096,0.245,147.567,4,death-metal
3wxYm9dG25xd0eAGAkqy7W,K'NAAN;Black Chiney,Wavin' Flag (Orange Monkey Version),Wavin' Flag - Black Chiney Remix,49,224533,False,0.597,0.913,0,-6.246,1,0.103,0.038,0.0,0.288,0.694,152.098,4,reggae
12b3bKEbdjtL1Ga0n3ybzK,Sajjan Raj Vaidya,Phutki Jaaney Jovan,Phutki Jaaney Jovan,49,220800,False,0.46,0.521,4,-8.022,1,0.0274,0.65,0.0,0.256,0.599,149.945,4,indie-pop
2yUVCrzeOEChacYpE0MUAP,Planetshakers,Legacy (Live),Alive Again - Live In Manila,48,252149,False,0.561,0.925,1,-5.77,1,0.0566,0.000184,0.0119,0.606,0.614,126.019,4,world-music
7Gn4vU9RUHYV5aA1gMJSPV,Ritviz,Dev,Pran,48,221538,False,0.619,0.484,1,-8.715,1,0.0572,0.116,0.000121,0.19,0.61,90.916,4,indie-pop
6suU440DRXoxpLNKWf46XJ,Realidade Cruel,Dos Barracos de Maderite aos Palácios de Platina,O Resgate,48,415660,False,0.553,0.732,7,-5.206,0,0.262,0.622,0.0,0.163,0.436,152.59,4,funk
0Y2v82GQsomVCqnfWpRSg5,Calcinha Preta,"Dois Amores, Duas Paixões, Vol. 14","Dois Amores, Duas Paixões",48,223007,False,0.496,0.727,1,-4.378,0,0.0427,0.237,0.0,0.422,0.501,166.068,4,pagode
2ScU6iEvgb0TIuKiyem9rg,Charlie Brown Jr.,Acústico (Ao Vivo),Proibida Pra Mim (Grazon) - Ao Vivo,48,151666,False,0.345,0.976,8,-4.74,1,0.0487,0.000587,0.0507,0.487,0.818,181.121,4,r-n-b
19ZjBzxJ5ARxbln6Qmw1AN,Ray Peterson,Missing You,"Corrina, Corrina",47,162160,False,0.481,0.413,9,-8.688,1,0.0326,0.798,1.61e-05,0.0817,0.681,127.591,4,rockabilly
6Sk0prnnRQ1SYTSDGxa92x,Seu Jorge,"Musicas para Churrasco, Vol.1 (Ao Vivo) (Delux Edition)",Pessoal Particular (Ao Vivo),47,387720,False,0.634,0.859,2,-5.832,1,0.0567,0.539,3.2e-05,0.693,0.64,112.942,4,mpb
60an8Fb1pH1MniTxTlo2l9,Mc Bruninho da Praia;Mc Kadu;MC GP;Mc Lele JP,Bloco do Carro Chefe,Bloco do Carro Chefe,46,396000,False,0.818,0.486,4,-7.006,0,0.394,0.0996,0.0,0.0437,0.637,113.192,5,funk
7vk7u7kaqw5A6BtkfoxQf3,Yiruma,The Best - Reminiscent 10th Anniversary,Do You?,46,292906,False,0.435,0.101,7,-18.753,1,0.0487,0.992,0.926,0.101,0.222,107.449,4,new-age
36wWhtZyNc7YSGORYvLZ5X,Mc Kevin,Isolado No Quarto,Sentimento,46,216000,False,0.493,0.587,7,-4.743,0,0.0603,0.791,0.0,0.0919,0.456,109.967,4,funk
5fIWOnufnkAtDp9SDqRMD3,Fossils,Fossils,Hansnuhana,45,294322,False,0.528,0.427,4,-12.304,1,0.0548,0.27,2.18e-05,0.105,0.307,133.127,4,indian
6lio8qS8M1XBGV3fYb8ZS5,Tribal Rain,Roka Yo Samay,Sunyata,45,231784,False,0.682,0.462,11,-11.505,0,0.0388,0.913,0.212,0.107,0.529,96.054,4,indie-pop
089tprIgsyFSOrZpugamLI,Ekali;ZHU,Blame,Blame,45,177151,False,0.624,0.68,9,-7.285,0,0.0421,0.114,6.78e-05,0.0614,0.117,91.998,4,dubstep
3zPVG3y3rEzyixSFhe3XYu,Léo Magalhães,Ao Vivo em Goiânia,Andorinha Machucada / Tudo de Novo / Pense em Mim (Ao Vivo),45,225360,False,0.415,0.501,11,-7.232,1,0.0361,0.83,0.0,0.242,0.306,114.579,4,forro
4zD9RBG51Lj8bnQwolLnyu,OneRepublic,Human (Deluxe),Wild Life,45,267117,False,0.479,0.762,2,-7.86,1,0.0378,0.00711,0.011,0.0965,0.0519,115.956,4,piano
4Hfab9JSboztQUlw1oSmGB,Sujatha,Taj Mahal (Original Motion Picture Soundtrack),Sotta Sotta m,45,344816,False,0.751,0.414,5,-11.214,0,0.0406,0.145,0.000123,0.0841,0.401,94.991,4,malay
5i7s3sB1LzxeVz8CWVEpAO,Tove Lo;The Young Professionals,Remixes & Covers,Talking Body - The Young Professionals Remix,44,221146,True,0.651,0.579,5,-8.023,0,0.0379,0.00166,0.000397,0.0794,0.443,138.993,4,swedish
0mljrVHFeq2qgThql44LcI,Ferrugem,Ferrugem em Casa 2 (Bloco 1) [Ao Vivo],Tô isso aqui pra te beijar - Ao Vivo,43,190662,False,0.537,0.761,2,-6.194,1,0.0741,0.543,0.0,0.472,0.705,165.984,4,pagode
1gexiILoiAONdvcXlzVQeE,Unholy,Ego Sum Deus,Ego Sum Deus,41,310390,False,0.636,0.538,2,-6.921,1,0.0324,0.00126,0.881,0.123,0.0388,115.983,4,club
5VgoYN2PNwcRIbxCzmeri0,Peter Cat Recording Co.,Bismillah,Heera,41,379920,False,0.66,0.606,0,-11.409,0,0.0266,0.557,0.00547,0.0987,0.77,116.007,4,electronic
6fUyCEJju5st7aDoN1nDN0,Miles Away;braev,Heartless,Heartless,41,234324,False,0.467,0.644,6,-4.792,0,0.0382,0.182,0.0,0.0945,0.308,148.049,4,dub
0Gdc7WEm7QbmFzqDfQCs2M,Rodrigo Zin,Tanjiro Kamado,Tanjiro Kamado,41,291283,True,0.677,0.573,10,-7.982,0,0.047,0.317,0.0,0.291,0.282,107.059,4,r-n-b
2Qud6Q1KlK22qHcjUGlRpJ,Marcianeke,Sueltate Mah,Sueltate Mah,41,178800,True,0.662,0.785,1,-10.159,0,0.203,0.614,0.0,0.106,0.797,180.108,4,reggaeton
08HJeHs0U9iSbDWX0sWIem,Maria Bethânia,Noturno,O Sopro do Fole,41,169371,False,0.524,0.0856,9,-17.766,1,0.0999,0.739,0.0,0.0919,0.316,93.672,4,r-n-b
198v7BbjXn2GTeI4NkBN39,Mariene De Castro,Santo De Casa,Vi Mamãe Oxum Na Cachoeira - Live,39,105240,False,0.59,0.697,5,-8.046,1,0.0323,0.75,0.000163,0.621,0.815,126.911,4,samba
5ueWiIP0QQcAqbMutT1Ng0,Balbi El Chamako,La Vida Es Bela,La Mala,39,221184,True,0.628,0.787,10,-6.809,1,0.139,0.0059,0.0,0.124,0.377,172.045,4,reggaeton
3JCcBtwNldEBd3O4hqYDWI,Almighty;Manny Montes,Genelipsis,No Me Arrodillo,39,225500,False,0.81,0.542,11,-7.146,0,0.415,0.102,0.0,0.113,0.376,164.151,4,latino
1UDViHv1sQpQT4G3Yf18IC,Heloisa Rosa,Estante da Vida,Vaidade,39,268051,False,0.494,0.443,4,-9.212,1,0.0274,0.674,6.59e-05,0.102,0.191,125.887,4,gospel
1Ib8I0IUoeRdLk6IKMLenk,Die Toten Hosen,Alles aus Liebe: 40 Jahre Die Toten Hosen,Nur zu Besuch,38,270266,False,0.508,0.299,0,-7.457,0,0.0261,0.502,0.0,0.112,0.137,108.159,4,punk
2zQt5C0AIv27RhfJCRZdZ4,BaianaSystem,Duas Cidades,"Jah Jah Revolta, Pt. 2",38,309493,False,0.776,0.8,8,-4.704,0,0.0438,0.00631,0.0731,0.35,0.583,143.989,4,samba
6onYIWMYHWdzwUvZDZ6c7I,Vou Zuar,Salseiro (Ao Vivo),Salseiro - Ao Vivo,38,200879,False,0.65,0.903,7,-5.27,0,0.0348,0.663,0.0,0.988,0.869,94.025,4,samba
5d4MvCqMJUgoVVCz16tvlD,Miriam Yeung,My Favourite Hits,再見二丁目,38,236840,False,0.645,0.3,5,-10.282,1,0.0362,0.815,0.0,0.115,0.214,143.928,4,cantopop
7eKlApdNdcu8e2GX4nItcO,Ella Chen,都幾歲了 (電視劇【幸福一家人】片尾曲),都幾歲了 (電視劇【幸福一家人】片尾曲),38,241891,False,0.624,0.499,7,-7.631,1,0.0276,0.179,0.0,0.17,0.305,115.986,4,mandopop
36XWUlUGrfZ8da2fLbnNqj,Can Bonomo,Ruhum Bela,Ruhum Bela,38,165192,False,0.638,0.893,9,-4.857,1,0.076,0.0398,0.0,0.0801,0.567,127.947,4,turkish
6LFXmq8DuXrxoyrPz7c5Lw,Limão Com Mel;Tarcísio do Acordeon,Estúdio Limão,Ponto Final,38,206767,False,0.657,0.829,2,-5.596,0,0.0673,0.276,0.0,0.207,0.569,117.029,4,forro
45eEjffcfZfXgILWoY2tZw,Trazendo a Arca,10 Anos (Edição Comemorativa),Sobre as Águas,37,340626,False,0.442,0.447,1,-7.557,0,0.0278,0.456,0.0,0.975,0.165,137.987,4,gospel
3AJ0MFDt4OSknQ5D9Jlo4l,Criolo,Nó na Orelha,Samba Sambei,37,222560,False,0.87,0.737,11,-8.372,1,0.126,0.268,0.00369,0.0504,0.952,136.07,4,afrobeat
4TuolvR6umOx58y53a9Vak,Feine Sahne Fischfilet,Sturm & Dreck,Ich mag kein Alkohol,37,215718,False,0.406,0.966,2,-3.515,0,0.0768,0.00113,0.0,0.0714,0.497,171.966,4,ska
73rQVihYf9bPXflrJiesqF,Kemuel,Ressuscitou (Resurrecting) [Kemuel Nation],Ressuscitou (Resurrecting) [Kemuel Nation],36,491000,False,0.413,0.509,1,-8.439,1,0.0292,0.326,0.0,0.116,0.222,148.055,4,groove
7G4FH6SEh9wgDRztDi3cDE,Lasse Stefanz,Evergreen,Utan att förstå,36,224640,False,0.663,0.733,9,-5.09,1,0.0298,0.00878,9.01e-06,0.108,0.741,107.967,4,swedish
39NkxITdhS5BPBZ3ma2CTM,The Green;Sean Na'auao;Kaumakaiwa;Kumu Hina,"My Hawai'i (feat. Sean Na'auao, Kaumakaiwa, Kumu Hina)","My Hawai'i (feat. Sean Na'auao, Kaumakaiwa, Kumu Hina)",36,265326,False,0.726,0.593,0,-7.138,0,0.0851,0.284,0.0,0.527,0.857,139.924,4,j-rock
44Lv3y1OHRM7r8vuEAGTkW,FiNCH;SDP,Hold Me Now,Liebe ist ...,35,183173,True,0.631,0.8,9,-4.179,1,0.101,0.107,0.0,0.373,0.782,156.941,4,party
7df1bXJPOQ21YwxjjOYOnj,Pernilla Andersson,Våra barns godnattsånger - älskade godnattvisor & vaggvisor för alla barn,Videvisan (Sov du lilla videung),35,180506,False,0.341,0.212,7,-12.131,1,0.0312,0.897,0.00124,0.147,0.268,171.267,4,swedish
7mzU3O4ixZNhShH6SrCInw,Django,Anthracite,Anthracite,35,142222,True,0.64,0.459,2,-8.439,1,0.25,0.448,5.75e-05,0.107,0.14,100.071,3,french
1aesK4KrWp8IF3jtRdA3WJ,Eikichi Yazawa,YAZAWA (50th Anniversary Remastered),LOVE THAT WAS LOST - Remastered 2022,34,225826,False,0.741,0.519,0,-11.103,1,0.0259,0.215,0.00205,0.319,0.899,107.882,4,j-rock
5llrpUzc5oZ4U2RLruiDeI,Yonder Mountain String Band,"Mountain Tracks, Vol. 3",Holding,33,537106,False,0.472,0.702,9,-8.965,1,0.0981,0.82,4.25e-05,0.362,0.351,104.656,4,bluegrass
6NPTmYw2yMu0Oz0IJkoxeR,Los Tukas,10 de Colección,Mis Noches Te Recuerdan,33,134400,False,0.643,0.574,0,-5.427,1,0.035,0.583,0.0,0.0492,0.845,108.002,4,rock-n-roll
6iHbjtE81qfwU4RacVYDqP,E-Dee,Elevate,Everytime I See You,31,206222,False,0.521,0.686,5,-8.002,0,0.291,0.0141,0.0,0.0846,0.624,129.378,5,j-dance
2okcO5ZSjMwCl3kBOZujX9,The Planet Smashers,Unstoppable,Police the Nation,31,158946,False,0.753,0.958,11,-4.088,0,0.0504,0.0449,0.0,0.383,0.964,167.944,4,ska
0u79AwRSmRJdCQwXV7SGSB,Laura Chiatti,Rapunzel- L'intreccio della torre,Aspettando una nuova vita – Reprise,31,125840,False,0.329,0.166,4,-10.467,1,0.0381,0.918,0.000221,0.257,0.159,102.277,4,disney
5nvL2YxmnbQyuu7aGrI68K,luvuto,messy,messy,30,96000,False,0.605,0.238,0,-12.352,1,0.16,0.948,0.92,0.111,0.656,79.996,4,study
5Iqh58mh9xHzOkXNorHibJ,Estela Nuñez,Estela Nuñez... Sus Primeras E Inolvidables Grabaciones,Ruega por Mí (Prega Per Me),30,201493,False,0.494,0.404,0,-10.108,1,0.0299,0.847,0.0,0.122,0.386,96.387,3,rock-n-roll
14nEPCQLWtMqV4uE1cRHFv,Lörihen,Bajo la Cruz,Vida Eterna,29,295263,False,0.31,0.884,1,-4.088,1,0.0488,0.000301,0.0,0.177,0.314,75.023,4,heavy-metal
1ltZgsLlfxgtNh5U74JPu3,Above & Beyond,Journey To ABGT500 pt.2,Group Therapy (Messages Pt. 9) [ABGT499D3],29,48695,False,0.66,0.917,7,-6.56,1,0.215,0.068,0.000216,0.683,0.74,138.065,3,trance
2DDR5F7bHFJBiX6lPPsT8O,Kano,I'm Ready (Disco Mix - Original 12 Inch Version),I'm Ready - Radio Edit,29,209226,False,0.914,0.766,5,-5.662,1,0.0387,0.192,0.65,0.0747,0.9,126.632,4,disco
3i2L1PRDEwWcUC03y95UPG,Aníbal Troilo Y Su Orquesta Típica;Roberto Goyeneche,15 Grandes Exitos - Los Discos De Oro De Roberto Goyeneche,Sur,28,237573,False,0.423,0.401,2,-11.219,0,0.0449,0.726,0.0,0.269,0.507,111.213,4,tango
09H6lkpmYJYeDaEKvoXcoZ,Sachin Warrier;Job Kurian;Sayanora,Thira (Original Motion Picture Soundtrack),Thaazhe Nee Tharame,28,171126,False,0.509,0.475,5,-8.994,0,0.0382,0.506,0.00383,0.168,0.173,135.31,4,malay
3xfeeYbPZG82KPttgF7iGC,Blank & Jones,Relax Edition 10,Flamingo,27,250120,False,0.811,0.556,5,-7.399,0,0.0741,0.291,0.898,0.11,0.745,109.976,4,techno
1mVn6LE3NukwuP1uAixzgT,Powerman 5000,The Ultimate Skate Punk Album Vol.1,When Worlds Collide,27,177960,False,0.56,0.903,11,-4.77,1,0.0754,0.00132,0.0,0.291,0.581,143.821,4,industrial
6xwqmrEshHeFlVI3hrc685,Los Vaguens,Hotel Acapulco,Penurias,27,198013,False,0.329,0.596,5,-11.17,1,0.0569,0.0179,0.00102,0.267,0.413,167.831,4,rockabilly
0fGDKi4UeXx8CypAvJdAj6,DJ Furax;Redshark,Techno Hard,F***k Orgus (Dance) - Dr. Rude Remix,26,332408,False,0.842,0.867,7,-6.886,1,0.364,0.00892,0.74,0.256,0.587,147.011,4,j-dance
4z6ONMu9f0FjhhApyj87KI,Eagles Of Death Metal,Zipper Down,Got The Power,26,208440,False,0.46,0.882,1,-4.91,1,0.0641,0.00203,0.0103,0.0996,0.658,143.926,4,garage
6OEHLXWw1PDfhbJLbNRi94,Lindsay Mendez;Ben Crawford,35MM: A Musical Exhibition (Original Cast Recording),Make Me Happy,26,137053,False,0.713,0.639,10,-5.769,1,0.05,0.423,0.0,0.129,0.944,92.072,4,show-tunes
1Vy8dfWHzytLuWDYqnQd4L,Ewa Konstancja Bułhak,Bambukalambu,Mamisi kołysanka,25,93506,False,0.61,0.151,11,-14.883,1,0.115,0.863,0.0,0.104,0.666,169.463,3,disney
6jAoHpOWUd5dpBUy0PW7TR,VNV Nation,Judgement,The Farthest Star,25,292973,False,0.552,0.937,9,-6.738,0,0.0488,0.0232,0.00268,0.102,0.347,134.98,4,industrial
6HhdFRM9un1Ojpz1A98pVi,High Contrast,If We Ever (Unglued Remix),If We Ever - 2018 Remaster,25,320271,False,0.542,0.875,7,-4.285,1,0.0507,0.000356,0.31,0.359,0.114,172.973,4,j-dance
3AO4zBhbT0E8hxb9HMSmbM,Jamie Kilstein,"Libel, Slander & Sedition",Obama and Hitler!,24,140199,True,0.705,0.555,2,-7.811,1,0.941,0.653,0.0,0.649,0.661,116.073,5,comedy
2Fc99kfkQ1S2RilXcd6xIU,Money Chicha,Echo en Mexico,Quieren Efectos,24,167217,False,0.553,0.773,5,-6.446,1,0.0343,0.173,0.865,0.185,0.597,96.617,4,afrobeat
3RVKeAie8vdadw5r1PPBx5,Jody Reynolds,Endless Sleep,(Evil Hearted Me) Downright Evil,23,154466,False,0.593,0.865,4,-10.227,1,0.0378,0.719,2.29e-05,0.303,0.969,157.96,4,rockabilly
6bl8PFDgYxbDZHk0LRQhhz,Jebroer;Paul Elstak;The BeatKrusher,Me Gabber (DJ Paul Elstak & The BeatKrusher Remix),Me Gabber - DJ Paul Elstak & The BeatKrusher Remix,22,205351,False,0.553,0.928,7,-3.544,0,0.13,0.0251,0.0,0.171,0.305,160.044,4,hardstyle
5g9IN42ZX2NK6KhOB347V3,Dry Bar Comedy,Dry Bar Comedy Presents Zoltan Kaszas: Cat Jokes,Accidental Soccer Coach,22,158000,False,0.519,0.535,3,-14.284,0,0.935,0.764,0.0,0.706,0.474,135.462,4,comedy
08r6N5mPmFMLhaXRZVfUbB,The Nightraver,We're From Rotterdam,If You'Re Smart,22,174718,False,0.571,0.873,6,-11.995,0,0.0732,3.25e-05,0.74,0.373,0.0894,179.841,4,happy
2VaAx84O5vvWwI9QTeuq49,Roberto Goyeneche,Buenos Aires Conoce,Nada,22,159306,False,0.47,0.591,9,-6.042,1,0.0809,0.788,1.26e-05,0.21,0.651,81.005,4,tango
5TcuM4sQFHK747kwB2q1Qy,Annaleigh Ashford,Sunday in the Park with George (2017 Broadway Cast Recording),Everybody Loves Louis,22,219333,False,0.521,0.189,1,-10.74,1,0.0478,0.892,0.0,0.0824,0.301,117.833,4,show-tunes
6YtuqK0GShEo9edd4yI8rr,Wildstylez;Headhunterz,Project One,The Zero Hour,21,330106,False,0.622,0.906,9,-6.987,1,0.258,0.024,0.0133,0.342,0.0615,149.882,4,hardstyle
5Ag2HVfyE4rzXa8ba47Qqo,The Lemonheads,Varshons 2,Abandoned,21,220306,False,0.444,0.545,0,-6.574,1,0.0284,0.0391,0.000356,0.184,0.382,126.728,4,power-pop
5YRzeFvIc4yNhpzDcLKWvE,BadKidMacei;Badkidparis,Bossy,Bossy,21,144048,False,0.914,0.723,2,-6.193,1,0.138,0.196,0.0,0.216,0.335,95.0,4,kids
2B5a8L30R9vk3F9clonX5g,Los Tecolines,Peerless 80 Aniversario - 24 Exitos Vol. 2,Vuela paloma,21,207013,False,0.668,0.374,7,-8.232,1,0.0288,0.788,0.0,0.29,0.669,113.108,4,guitar
6BctgCJXlgxYeR0ObhLdtR,Joe DeRosa,You Let Me Down,Please Stop Communicating,21,496201,False,0.627,0.815,6,-6.959,0,0.911,0.785,0.0,0.744,0.532,119.197,5,comedy
6I5lEYZblvLRtvgb0cUC8X,Patrizio Buanne,The Italian,Credi In Te,20,140186,False,0.148,0.32,2,-11.921,0,0.0386,0.804,0.00283,0.304,0.106,161.31,3,opera
47bweAQBrsV1Vi3hDmEIAo,Korsakoff,Stiletto,Boozed - Edit,19,215639,False,0.462,0.978,6,-4.089,0,0.0951,0.0569,0.42,0.168,0.33,168.624,4,happy
2xIbHYxBs1fiR4NkPc8z33,Tony Matterhorn,Jamaican Style,Ready fi di party,19,59600,False,0.911,0.616,1,-12.46,1,0.272,0.569,0.00795,0.154,0.467,120.999,4,j-dance
4RShNT9cGPE2jnrO82Ma0I,Cameron's Bedtime Classics,Lullabies and Nursery Rhymes,Little Jack Horner - Original Mix,19,58826,False,0.495,0.137,5,-17.15,1,0.0468,0.968,0.946,0.109,0.271,139.73,3,disney
6Ban3mboqGeIUAFnuyZZNM,Shiritsu Ebisu Chugaku,Major Debut 10th Anniversary Album 中吉,ポップコーントーン,19,270413,False,0.329,0.954,4,-1.737,1,0.0706,0.00316,0.338,0.52,0.589,170.064,4,j-idol
7z60LyZVJJXrE6YPJ39ioD,Goldie;James Davidson;Subjective;Lauren Norstrom,The Start of No Regret,Azimuth,18,276937,False,0.668,0.859,6,-5.947,1,0.0367,0.0351,0.569,0.248,0.802,118.001,4,drum-and-bass
34XYMzu7cmqQjItV8mJ77m,Orquesta Color Tango De Roberto Alvarez,Tango a Pugliese Con estilo para bailar Vol. 3,Para dos,18,175046,False,0.633,0.219,9,-11.805,0,0.0887,0.72,0.692,0.113,0.537,118.814,4,tango
7u1S5QZSwrWyNczrN9IAKR,Marina Herlop,Nanook,Doiloi,17,230000,False,0.343,0.129,8,-14.82,1,0.042,0.988,0.174,0.141,0.0371,124.396,5,club
5mfyiAYTK4MxWq2elg1Kpv,Anal Vomit,Demoniac Flagellations,Sendero Siniestro,17,155600,True,0.193,0.995,3,-4.893,1,0.18,4.29e-06,0.0737,0.0486,0.0743,109.837,4,black-metal
36kDrsAPQ62bI32WPrlJew,ZITH;Misanthropix,Machine Spirit,Machine Spirit,17,228571,False,0.643,0.956,1,-3.385,1,0.051,0.000458,0.78,0.228,0.515,104.99,4,club
28i8wrtierqlLXenXZqgRL,Samuca e a Selva,Ditados Populares Dançantes,Vermelhos de Ciclos,16,242000,False,0.753,0.728,10,-6.071,0,0.0563,0.0159,0.0652,0.107,0.59,144.003,3,afrobeat
2NQ2VeLMFkiPaUzEjU0U4J,Rotterdam Termination Source,History Of Rotterdam Hardcore Part 1.,Poing-Jump A Little Higher,16,261735,False,0.751,0.991,11,-5.468,0,0.0723,0.00101,0.179,0.357,0.849,154.857,4,happy
0M88JRtpXQK8i2XP0WX8jO,Scooter,Back To The Heavyweight Jam,Fuck The Millennium,16,249493,False,0.548,0.999,0,-4.937,1,0.0947,0.0501,0.0128,0.978,0.0878,145.0,4,happy
0lASm1brReAnrOirk2f0a2,Christopher Zondaflex Tyler,Mr Chris Hip Hop Dance Moves,Bear Crawl,13,97620,False,0.738,0.499,1,-14.344,1,0.546,0.21,0.0,0.569,0.806,88.916,4,kids
5tmcGYwmon8ufw9igbwwKk,Blake Rules;Netherfriends,Kids Trap 2,Making Music,13,146086,False,0.782,0.342,0,-15.203,1,0.0721,0.299,0.0237,0.103,0.345,115.018,4,kids
1cQI15E52Yqrg7r2Kp2Fzu,Ray Price,Country Music - A Film by Ken Burns (The Soundtrack) [Deluxe],Crazy Arms,12,150640,False,0.61,0.287,5,-9.551,1,0.0281,0.676,0.0,0.134,0.701,117.626,4,honky-tonk
36j1jTaF9CFdq58TOPnBzC,Napalm Death,Utopia Banished (Remastered 2012 Edition),Judicial Slime,12,156840,False,0.221,0.992,10,-4.898,0,0.151,3.49e-06,0.207,0.304,0.117,98.179,4,grindcore
49TMDqI2mJ8qtLuYMeFrua,Hank Williams,The Immortal,I'm Satisfied With You,12,155640,False,0.779,0.324,2,-12.326,1,0.0517,0.892,0.0,0.082,0.963,107.639,4,honky-tonk
7fiDUk7rQAZJ5lPKchOpHM,Autechre,Chiastic Slide,Nuane,12,797375,False,0.698,0.583,4,-11.091,0,0.105,0.00189,0.775,0.308,0.408,108.002,4,idm
2YQa7y1HQLCXF9IJrLAKmr,Magrudergrind,Magrudergrind & Shitstorm Split,Siphon Then Slit,11,59853,False,0.346,0.999,0,-4.912,1,0.184,0.00225,0.00983,0.306,0.0375,137.923,4,grindcore
2dp5I5MJ8bQQHDoFaNRFtX,Internal Rot,Grieving Birth,Failed Organum,11,93933,False,0.171,0.997,7,-3.586,1,0.118,0.00521,0.801,0.42,0.0294,122.223,4,grindcore
4zjuPxRdniuN7LZzI5aQNA,Isan,Lamenting Machine,Memory Cascades,10,279626,False,0.562,0.343,1,-20.924,1,0.0419,0.508,0.89,0.16,0.254,81.691,4,idm
22f03jCe16N1rYJzO9RqWl,Ron Trent,Artifacts From the Future EP,City Beat,9,682666,False,0.804,0.947,2,-8.071,1,0.0488,0.00984,0.889,0.0647,0.666,122.018,4,chicago-house
5z6YX4XnUd06mWDQc7rF10,Desmond Dennis,Desmond Kids Jams Theme Song,Desmond Kids Jams Theme Song,8,54866,False,0.656,0.678,3,-5.615,1,0.365,0.532,0.0,0.0308,0.718,65.77,4,kids
1WhGXbgwPOTDPB4ZsJBIDG,Chip E.,Hotter Than House,Time To Jack,7,354960,False,0.813,0.863,1,-8.587,1,0.0563,0.00024,0.89,0.109,0.717,122.93,4,chicago-house
5jyPgh9K0YlyhlVGQzFsbO,Robin Schulz;David Guetta,House Anthems,On Repeat,5,190217,False,0.609,0.801,1,-8.483,0,0.0694,0.0246,0.00255,0.37,0.202,122.958,4,deep-house
1WDDMw1k46OS4W2IGxmLzj,Feid,FELIZ CUMPLEAÑOS,Ferxxo 100,4,167760,False,0.705,0.562,8,-3.378,0,0.0674,0.257,0.0,0.137,0.569,163.893,4,pop
7GjQssVu8uKn4WGTIgTOIA,Tiësto;Charli XCX,Hot Mix Pop,Hot in It,3,129817,False,0.748,0.841,7,-5.08,1,0.177,0.00445,1.33e-06,0.0413,0.717,123.045,4,dance
0CkwGzywZ3js4Hcmb0RkQn,twocolors,Mega Hits Autumn/Fall 2022,Heavy Metal Love,3,132000,False,0.768,0.767,5,-8.06,0,0.0358,0.194,0.0,0.121,0.457,125.029,4,edm
0Xs1Yh44j5cIgUQtOCBcQj,Apache Indian,Time For Change,Sometimes Love,3,242213,False,0.652,0.806,2,-3.875,0,0.0797,0.133,0.0,0.281,0.88,107.883,4,dancehall
0rWLHJnMyJaMFA8x9l8AT0,Billie Eilish,Halloween Party 2022,all the good girls go to hell,3,168839,False,0.854,0.446,1,-8.957,0,0.198,0.313,0.215,0.156,0.57,92.545,4,electro
4B8RTAHSPfYpV222GsmEjq,Don Omar,Fiesta portatil,Zumba,2,263973,False,0.718,0.891,9,-3.494,0,0.0404,0.00175,0.0146,0.138,0.828,124.981,4,latin
3CmUas41TD2t8EGNZ85J9f,blink-182,Emo Christmas 2022,"Happy Holidays, You Bastard",2,42440,True,0.409,0.99,11,-2.084,1,0.115,0.02,0.0,0.513,0.962,172.715,4,punk
1EXc4lSFTbktmqWksJLgke,Nyctalllz,Visions of Darkness: Volume II,The Curse of the White Demon,1,415517,False,0.237,0.38,2,-14.322,1,0.0358,0.599,0.875,0.174,0.0464,112.65,4,iranian
5mq2tutI68FRDD8CiYOsYS,Paolo Nutini,Low-Key Hits,Growing Up Beside You,1,203666,False,0.504,0.51,7,-10.79,1,0.0415,0.771,7.61e-05,0.0766,0.0834,95.182,4,soul
34a89MbC7QXsUsLkljLgXX,Tom Petty,80s Bangers Vol. 1,Free Fallin',1,255680,False,0.619,0.504,5,-11.562,1,0.025,0.0614,0.0,0.06,0.568,84.335,4,folk
4LUwZxtF980YhwrvxtTeZ7,OneRepublic,HOT PARTY BACK TO SCHOOL 2022,I Ain't Worried,1,148485,False,0.704,0.797,0,-5.927,1,0.0475,0.0826,0.000745,0.0546,0.825,139.994,4,piano
6nSnDI2EvwXocgjj6hwQRv,Camille Saint-Saëns;石丸由佳,死の舞踏~悪魔のパイプオルガン,死の舞踏,1,538293,False,0.213,0.159,7,-13.897,1,0.0366,0.715,0.914,0.101,0.0373,143.35,4,french
4bh9zPGpEX1yl9Do6rkhHr,Shinedown,Rock Brandneu,Planet Zero,0,222738,False,0.416,0.964,9,-2.967,1,0.112,2.35e-05,0.000875,0.473,0.212,157.925,4,alternative
2pXg8l1JGZ3hCyFqxirV13,Lalo Ebratt;Trapical,Frescura y Perreo,Mocca,0,200293,False,0.786,0.696,1,-5.343,0,0.352,0.183,0.0,0.123,0.591,97.956,4,reggae
4ifiz8TRTNdG9ORNWh2P0Q,Kacey Musgraves;Lana Del Rey,Jingle Bell Rock 2022,I'll Be Home For Christmas - From The Kacey Musgraves Christmas Show,0,132108,False,0.469,0.183,5,-15.414,1,0.0407,0.829,0.0,0.71,0.381,139.592,4,country
75hT0hvlESnDJstem0JgyR,Bryan Adams,All I Want For Christmas Is You,Merry Christmas,0,151387,False,0.683,0.511,6,-5.598,1,0.0279,0.406,0.000197,0.111,0.598,109.991,3,rock
5avw06usmFkFrPjX8NxC40,Zhoobin Askarieh;Ali Sasha,Noise A Noise 20.4-1,"Save the Trees, Pt. 1",0,213578,False,0.173,0.803,9,-10.071,0,0.144,0.613,0.00191,0.195,0.0887,75.564,3,iranian
3F5DccNp39Waj4QjZBUPGO,George Frideric Handel;The English Concert;Trevor Pinnock;The English Concert Choir,Weihnachten Klassik 2022,"Messiah, HWV 56 / Pt. 2: XLII. ""Hallelujah""",0,240760,False,0.434,0.262,1,-12.874,1,0.0286,0.959,0.6,0.141,0.256,103.015,4,german
21excOPd45gzWN8zCt8Vhw,Annie Lennox,Christmas Best Hits 2022,Angels From The Realms of Glory,0,240146,False,0.523,0.322,0,-8.957,1,0.0285,0.535,0.0,0.132,0.3,126.002,4,singer-songwriter
5xWxnLpw8ooMW1nJwY2hui,KIRINJI,J-Pop 輕旅行,時間がない,0,284160,False,0.772,0.675,11,-9.154,0,0.0366,0.124,0.0121,0.102,0.68,126.033,4,j-pop
0BhH8IeKQa3MW7J3dpl6x0,hope mona,trick or treat on beat,Ghostbusters - Lo-Fi,0,170929,False,0.816,0.596,9,-11.15,1,0.451,0.76,0.891,0.348,0.756,116.022,4,study
5Z2iVSDPvCScP5M5atIt5v,Shinedown,Metal,Planet Zero,0,222738,False,0.416,0.964,9,-2.967,1,0.112,2.35e-05,0.000875,0.473,0.212,157.925,4,alternative
4K2NuhUFmcQbaepaAzHGdP,Alireza Mashayekhi;Marie-Thérèse Grisenti;Marc Vitantonio;Duo Grisenti Vitantonio,A. Mashayekhi - 5 Sonates Pour Violoncelle Et Piano,Sonate IV Opus 180 Pour Violoncelle Et Piano - 3ème Mouvement,0,284573,False,0.254,0.104,5,-19.932,1,0.0524,0.986,0.716,0.152,0.0378,84.693,4,iranian
1yoMdigYCXY5UrhTbGNEJp,Eric Burdon,Disciples Liberation The Ultimate Fantasy Playlist,Don't Let Me Be Misunderstood,0,157360,False,0.673,0.712,11,-7.858,0,0.0273,0.159,0.0,0.183,0.912,113.061,4,psych-rock
2sWP5BvD2gcT32MpMAhkRU,salem ilese,CHRISTMAS TOP HITS 2022,Thank You Note,0,156265,False,0.637,0.705,10,-7.546,0,0.0502,0.121,0.0,0.0857,0.553,158.013,4,indie-pop
6aKWvrAFe1NC7YEw8rTcwb,Randy Crawford,Gourmet Soul,Street Life (Edit),0,289333,False,0.55,0.548,5,-11.171,0,0.0719,0.258,4.12e-05,0.36,0.819,111.612,4,disco
48Yn5OAlrve8PAhxDhTNUQ,Twisted Sister,Metal,Under the Blade,0,279533,False,0.304,0.89,9,-3.992,0,0.122,0.00143,0.00113,0.104,0.433,194.289,4,metal
5Yi7LVz0rVo2aYN34Hyv1U,Cream,(60's) Sixties Collected Volume 2,I Feel Free - Remastered,0,172760,False,0.371,0.601,9,-8.431,1,0.0277,0.137,5.53e-05,0.15,0.596,87.975,4,psych-rock
5q4gc4nzxSgtwIBnIuCT6M,Cooltime Kids,Halloween y diversión para peques,The Addams Family,0,139866,False,0.689,0.546,5,-9.254,1,0.0673,0.000464,0.000896,0.239,0.966,120.233,4,party
5FcQcDHuwpzP70vhlCqVi2,Steppenwolf,Fiesta temática 60s,The Pusher,0,349826,False,0.508,0.47,0,-9.339,1,0.0262,0.201,0.0553,0.14,0.69,81.016,4,folk
6JN0cjFT0zDRYxzqcKrvwf,Soundgarden,Hits Pop Rock 90's,Spoonman,0,246920,False,0.258,0.904,0,-5.625,1,0.0386,2.2e-05,0.218,0.255,0.832,186.054,3,alternative
38Uq4auvCzFYWtYjLeB5xz,KAROL G,El perreo es el futuro,BICHOTA,0,178946,True,0.863,0.666,1,-4.158,0,0.152,0.212,0.000493,0.103,0.838,163.908,4,reggae
1T8grchCkVHRzP2McY9ARx,The Beach Boys,Best Christmas Music 2022,Little Saint Nick - 1991 Remix,0,118840,False,0.602,0.553,11,-9.336,1,0.0328,0.108,0.0,0.0512,0.971,130.594,4,psych-rock
