producto,categoria,precio,cantidad
Audífonos Bluetooth,Electrónica,599.00,3
Mouse inalámbrico,Electrónica,289.50,5
Teclado mecánico,Electrónica,1249.00,2
Cargador USB-C, electrónica ,199.00,8
Licuadora,Hogar,899.00,1
Sartén antiadherente,Hogar,459.00,2
Juego de toallas,HOGAR,349.00,4
Lámpara de escritorio,Hogar,520.00,2
Playera deportiva,Ropa,249.00,6
Sudadera con capucha,Ropa,689.00,2
Tenis para correr,Ropa,1599.00,1
Cuaderno profesional,Papelería,45.00,20
Plumas gel (paquete),Papelería,89.00,10
Mochila escolar,Papelería,749.00,1
Mouse inalámbrico,Electrónica,289.50,5
