id_venta,fecha,pais,categoria,precio_unitario,cantidad,precio_total,metodo_pago,calificacion,edad_cliente
1032,15/01/2024,mexico,Ropa,,3,1526.61,Tarjeta,5.0,-5.0
1369,,Perú,Ropa,448.66,1,448.66,,3.0,25.0
1511,2024-02-20,MEXICO,,,1,226.06,Efectivo,2.0,
1385,,MX,Hogar,15.11,1,15.11,paypal,5.0,18.0
1325,,MX,electronica,845.77,3,2537.31,,2.0,18.0
1376,2024-02-20,México,Hogar,366.92,2,733.84,tarjeta,3.0,
1349,2024/04/10,mexico,electronica,242.63,1,242.63,efectivo,,25.0
1227,2024-05-25,ESPAÑA,juguetes,346.08,2,692.16,,99.0,200.0
1383,,MX,Hogar,1187.06,3,3561.18,PayPal,1.0,52.0
1060,2024-01-15,MEXICO,Electrónica,906.12,1,906.12,tarjeta,,25.0
1284,2024/04/10,México,Ropa,301.54,1,$301.54,tarjeta,4.0,200.0
1516,15/01/2024,México,Electronica ,917.51,1,917.51,PayPal,3.0,200.0
1089,2024-01-15,MEXICO,Ropa,1383.97,1,1383.97,PayPal,,52.0
1494,01-03-2024,México,Juguetes,33.03,1,$33.03,,3.0,200.0
1495,15/01/2024,Colombia,Electrónica,581.86,1,581.86,efectivo,5.0,18.0
1189,,MX,ROPA,165.84,1,$165.84,,1.0,25.0
1065,2024-01-15,ESPAÑA,ROPA,472.81,1,472.81,,1.0,
1276,2024-02-20,Colombia,Juguetes,163.96,1,$163.96,paypal,4.0,-5.0
1097,,España,ROPA,397.46,2,794.92,Tarjeta,4.0,
1317,15/01/2024,MX,Hogar,1329.62,1,1329.62,,5.0,200.0
1574,,MEXICO,,479.25,1,479.25,efectivo,3.0,34.0
1551,2024/04/10,Perú,Ropa,384.91,1,$384.91,efectivo,2.0,200.0
1391,2024-01-15,México,,804.62,1,804.62,Tarjeta,4.0,52.0
1044,2024-02-20,Peru,Electronica ,273.25,3,819.75,PayPal,3.0,25.0
1336,2024-05-25,colombia,Electrónica,253.42,1,253.42,,2.0,
1094,15/01/2024,Peru,Electronica ,891.86,2,$1783.72,Efectivo,99.0,18.0
1054,,México,Electrónica,,1,468.63,PayPal,5.0,52.0
1438,15/01/2024,España,Electrónica,1181.36,1,$1181.36,,99.0,
1040,2024-05-25,España,Juguetes,254.95,4,1019.8,Tarjeta,4.0,18.0
1087,01-03-2024,mexico,Electrónica,,2,2065.78,PayPal,,52.0
1039,,MEXICO,hogar,239.19,1,$239.19,,4.0,
1132,01-03-2024,España,ROPA,912.13,1,912.13,Efectivo,5.0,18.0
1116,2024-05-25,Colombia,Ropa,1650.86,2,3301.72,tarjeta,2.0,
1004,15/01/2024,mexico,hogar,441.69,1,441.69,efectivo,99.0,25.0
1252,2024-01-15,MEXICO,juguetes,661.42,1,$661.42,paypal,,25.0
1454,2024/04/10,colombia,Electronica ,668.69,2,1337.38,Efectivo,,18.0
1002,15/01/2024,España,Hogar,381.4,3,1144.2,efectivo,1.0,25.0
1334,01-03-2024,MEXICO,Electrónica,1546.59,1,1546.59,Efectivo,5.0,-5.0
1178,2024-05-25,MEXICO,hogar,589.1,4,2356.4,paypal,,
1090,2024-05-25,ESPAÑA,Electrónica,1047.41,1,1047.41,Tarjeta,1.0,52.0
1400,15/01/2024,México,hogar,116693.5,4,466774.0,Efectivo,,18.0
1565,2024-05-25,España,Hogar,941.73,1,941.73,PayPal,1.0,-5.0
1098,,ESPAÑA,,1125.88,5,5629.4,Efectivo,2.0,-5.0
1212,15/01/2024,colombia,juguetes,5604.0,3,$16812.0,paypal,5.0,-5.0
1342,2024-02-20,colombia,Electrónica,428.92,1,428.92,Tarjeta,4.0,-5.0
1327,2024-05-25,Peru,Electrónica,121.14,2,242.28,tarjeta,3.0,18.0
1396,2024-05-25,mexico,hogar,261.31,1,261.31,Tarjeta,2.0,52.0
1384,01-03-2024,MEXICO,electronica,569.86,2,$1139.72,paypal,5.0,34.0
1068,15/01/2024,Perú,Electrónica,938.27,2,1876.54,tarjeta,,200.0
1457,15/01/2024,Peru,juguetes,568.37,1,568.37,tarjeta,1.0,34.0
1297,,,Hogar,21.05,1,$21.05,,5.0,25.0
1537,2024-02-20,Colombia,Electrónica,889.38,4,3557.52,paypal,99.0,18.0
1037,2024-01-15,  México ,ROPA,4028.4999999999995,1,$4028.5,,99.0,34.0
1077,2024/04/10,México,Electronica ,642.69,1,$642.69,paypal,1.0,34.0
1155,2024/04/10,Perú,Ropa,1017.03,1,1017.03,Efectivo,4.0,18.0
1062,01-03-2024,mexico,Electrónica,248.26,1,$248.26,efectivo,1.0,-5.0
1363,01-03-2024,España,juguetes,717.56,2,1435.12,Efectivo,99.0,200.0
1351,2024-02-20,colombia,,45917.5,2,91835.0,Efectivo,,-5.0
1553,15/01/2024,,hogar,110.61,1,$110.61,tarjeta,2.0,52.0
1591,2024/04/10,Peru,hogar,616.09,1,616.09,paypal,1.0,52.0
1072,15/01/2024,México,hogar,624.05,1,624.05,Tarjeta,3.0,52.0
1221,2024-05-25,mexico,Hogar,608.86,2,1217.72,paypal,4.0,52.0
1250,2024/04/10,Colombia,electronica,885.09,1,885.09,tarjeta,5.0,18.0
1267,2024-02-20,ESPAÑA,electronica,,1,746.01,Tarjeta,,34.0
1139,15/01/2024,MX,Electrónica,170.68,2,341.36,Tarjeta,5.0,52.0
1021,01-03-2024,España,Electrónica,553.59,2,1107.18,paypal,1.0,
1491,,ESPAÑA,ROPA,620.59,3,$1861.77,Tarjeta,5.0,45.0
1175,2024-05-25,MX,Electrónica,20130.0,1,20130.0,PayPal,4.0,18.0
1461,15/01/2024,colombia,hogar,164.64,1,$164.64,tarjeta,3.0,-5.0
1337,2024-01-15,España,hogar,137.97,2,275.94,paypal,99.0,
1453,2024-02-20,Perú,Juguetes,297.49,2,$594.98,efectivo,,52.0
1088,15/01/2024,,Electronica ,611.05,1,$611.05,Tarjeta,5.0,18.0
1109,2024-05-25,MEXICO,Ropa,1076.31,1,1076.31,,1.0,52.0
1377,,colombia,Electronica ,300.68,1,$300.68,,1.0,25.0
1055,2024-01-15,España,Hogar,229.59,1,229.59,efectivo,3.0,52.0
1050,2024-02-20,mexico,ROPA,496.8,2,993.6,Tarjeta,3.0,200.0
1091,,MX,ROPA,941.72,2,1883.44,paypal,5.0,25.0
1174,2024-01-15,Perú,Ropa,1623.71,1,$1623.71,PayPal,99.0,34.0
1343,2024/04/10,Perú,hogar,694.68,2,1389.36,Efectivo,99.0,200.0
1265,2024-02-20,mexico,Electrónica,628.51,1,$628.51,tarjeta,5.0,18.0
1112,,Colombia,juguetes,1049.85,1,1049.85,,99.0,25.0
1017,2024-01-15,mexico,juguetes,471.21,1,471.21,tarjeta,3.0,18.0
1257,01-03-2024,España,Electrónica,406.95,1,$406.95,tarjeta,,45.0
1548,2024-02-20,  México ,Ropa,229.77,1,229.77,paypal,3.0,34.0
1160,2024-02-20,MX,electronica,150.61,1,150.61,PayPal,1.0,
1277,,ESPAÑA,Juguetes,618.96,1,$618.96,Efectivo,,18.0
1146,2024-02-20,MEXICO,Hogar,207.72,2,415.44,PayPal,2.0,25.0
1030,2024-01-15,España,Electrónica,603.52,2,$1207.04,Tarjeta,3.0,18.0
1530,2024-05-25,,Hogar,217.23,1,217.23,Efectivo,3.0,18.0
1228,2024-02-20,MEXICO,,316.31,1,316.31,Tarjeta,1.0,45.0
1123,2024-02-20,Peru,Electronica ,717.2,2,1434.4,efectivo,1.0,-5.0
1099,2024-01-15,MX,hogar,133.01,2,$266.02,Tarjeta,5.0,-5.0
1523,2024-05-25,Perú,juguetes,203.21,4,812.84,efectivo,,34.0
1599,2024/04/10,Peru,Ropa,,4,5981.04,paypal,1.0,25.0
1067,2024-05-25,ESPAÑA,juguetes,1040.51,1,$1040.51,tarjeta,2.0,34.0
1283,2024-02-20,Peru,electronica,160.28,1,160.28,,4.0,34.0
1038,2024-02-20,,Juguetes,660.71,1,660.71,PayPal,4.0,25.0
1185,2024-02-20,mexico,Electrónica,115.02,1,$115.02,paypal,1.0,-5.0
1522,15/01/2024,colombia,hogar,109.87,1,$109.87,paypal,3.0,25.0
1106,15/01/2024,España,,221.68,1,221.68,efectivo,5.0,
1535,2024/04/10,mexico,,598.47,2,1196.94,paypal,4.0,34.0
1124,2024-02-20,México,Electrónica,868.55,1,868.55,tarjeta,1.0,-5.0
1134,01-03-2024,Perú,electronica,432.22,1,432.22,Efectivo,99.0,18.0
1141,01-03-2024,mexico,Juguetes,,1,457.33,,,34.0
1181,2024/04/10,,Juguetes,818.3,2,1636.6,tarjeta,,18.0
1295,2024-05-25,España,Electronica ,389.28,2,778.56,Efectivo,3.0,200.0
1499,01-03-2024,Perú,Electronica ,216.52,1,216.52,paypal,,34.0
1166,15/01/2024,mexico,electronica,288.57,1,288.57,efectivo,,34.0
1505,2024-02-20,Perú,Hogar,630.37,2,1260.74,paypal,3.0,18.0
1006,01-03-2024,ESPAÑA,ROPA,1387.78,1,1387.78,paypal,3.0,200.0
1013,2024-05-25,MEXICO,,451.62,1,451.62,tarjeta,99.0,25.0
1584,2024-05-25,México,juguetes,326.01,1,326.01,Tarjeta,1.0,45.0
1223,01-03-2024,Colombia,Hogar,272.01,1,272.01,Efectivo,2.0,52.0
1464,,ESPAÑA,electronica,732.62,3,$2197.86,paypal,5.0,18.0
1558,2024-01-15,mexico,Electrónica,752.11,3,2256.33,Efectivo,,45.0
1301,2024-01-15,mexico,electronica,557.08,1,557.08,efectivo,5.0,-5.0
1165,01-03-2024,ESPAÑA,,1086.85,1,1086.85,efectivo,2.0,34.0
1288,2024-01-15,MX,Electronica ,160.51,1,160.51,Efectivo,2.0,18.0
1361,2024-02-20,ESPAÑA,Juguetes,25.78,1,$25.78,PayPal,99.0,200.0
1331,2024-05-25,,Juguetes,497.0,1,497.0,paypal,4.0,-5.0
1389,2024-02-20,Colombia,Hogar,454.81,1,454.81,efectivo,99.0,-5.0
1515,2024-02-20,Peru,Ropa,332.83,1,332.83,efectivo,99.0,25.0
1047,2024-01-15,mexico,Hogar,667.11,1,667.11,Tarjeta,99.0,200.0
1128,2024-02-20,,juguetes,224.28,1,224.28,Efectivo,4.0,45.0
1237,15/01/2024,España,Ropa,238.74,1,238.74,paypal,3.0,
1138,2024-01-15,MX,Juguetes,310.28,1,$310.28,tarjeta,3.0,18.0
1418,2024/04/10,MX,ROPA,269.65,1,269.65,Tarjeta,3.0,200.0
1070,2024/04/10,Colombia,Electronica ,439.4,3,$1318.2,Tarjeta,4.0,52.0
1590,,México,Electrónica,895.63,3,$2686.89,paypal,99.0,34.0
1450,2024-01-15,España,ROPA,232.97,3,698.91,paypal,99.0,45.0
1063,,México,electronica,459.33,1,459.33,Efectivo,4.0,18.0
1270,2024-02-20,  México ,,,1,157.75,paypal,2.0,34.0
1159,01-03-2024,,juguetes,904.1,1,904.1,Tarjeta,4.0,52.0
1170,2024-05-25,ESPAÑA,Electrónica,288.78,2,577.56,tarjeta,4.0,45.0
1579,2024-02-20,  México ,juguetes,863.98,1,$863.98,tarjeta,2.0,34.0
1567,,Perú,juguetes,803.37,1,803.37,Efectivo,3.0,45.0
1074,,Peru,ROPA,714.56,3,2143.68,,5.0,
1540,2024-02-20,Peru,electronica,1281.77,1,$1281.77,tarjeta,3.0,45.0
1390,2024-01-15,MEXICO,Electrónica,278.13,1,278.13,efectivo,4.0,34.0
1231,2024/04/10,Perú,Hogar,1201.31,3,$3603.93,efectivo,,52.0
1442,2024-01-15,Colombia,hogar,112.83,1,$112.83,Efectivo,1.0,
1423,,colombia,hogar,658.43,1,658.43,efectivo,99.0,18.0
1145,2024/04/10,Peru,hogar,524.48,1,524.48,Tarjeta,2.0,52.0
1184,15/01/2024,MX,Ropa,344.95,2,689.9,paypal,4.0,52.0
1566,15/01/2024,,Electronica ,762.81,2,1525.62,Tarjeta,5.0,34.0
1309,01-03-2024,México,electronica,648.45,2,$1296.9,Tarjeta,99.0,18.0
1256,2024-05-25,MX,ROPA,456.25,4,$1825.0,,3.0,45.0
1344,,colombia,Ropa,532.49,2,1064.98,paypal,1.0,52.0
1597,,Peru,Hogar,546.22,1,546.22,efectivo,,18.0
1457,15/01/2024,Peru,juguetes,568.37,1,568.37,tarjeta,1.0,34.0
1026,01-03-2024,mexico,,,3,1018.95,Tarjeta,3.0,-5.0
1114,,colombia,Hogar,528.71,1,$528.71,Efectivo,3.0,18.0
1150,15/01/2024,Perú,,155.24,1,155.24,,3.0,34.0
1299,15/01/2024,México,Ropa,932.81,1,932.81,Tarjeta,4.0,
1268,2024-02-20,,juguetes,183.17,2,$366.34,Efectivo,99.0,25.0
1448,15/01/2024,colombia,,723.67,1,$723.67,paypal,99.0,34.0
1521,2024-01-15,colombia,ROPA,510.43,3,1531.29,Efectivo,,
1192,01-03-2024,  México ,ROPA,74.02,1,74.02,Efectivo,99.0,25.0
1148,15/01/2024,  México ,,1699.79,2,3399.58,efectivo,4.0,25.0
1105,2024-05-25,Peru,Hogar,871.68,2,1743.36,tarjeta,2.0,-5.0
1195,2024-01-15,mexico,Ropa,99.8,1,99.8,tarjeta,,
1408,2024-05-25,Peru,electronica,347.41,1,347.41,efectivo,2.0,200.0
1330,2024-01-15,España,juguetes,232.88,1,232.88,Tarjeta,,
1308,2024-05-25,México,,173.82,1,$173.82,efectivo,1.0,18.0
1014,2024-02-20,Perú,hogar,1738.67,2,3477.34,PayPal,1.0,200.0
1439,,,ROPA,578.88,1,578.88,paypal,,200.0
1412,2024-01-15,Peru,Ropa,145.26,1,$145.26,Efectivo,5.0,25.0
1211,2024-01-15,MEXICO,juguetes,42.19,2,$84.38,PayPal,5.0,34.0
1445,2024-05-25,Perú,electronica,279.68,1,279.68,Efectivo,2.0,45.0
1318,2024-05-25,ESPAÑA,Electronica ,260.51,2,521.02,,,200.0
1210,2024-05-25,ESPAÑA,Electronica ,258.22,1,258.22,Efectivo,3.0,-5.0
1458,2024/04/10,México,Hogar,378.74,3,1136.22,,4.0,18.0
1081,15/01/2024,mexico,Electrónica,1083.43,1,1083.43,PayPal,99.0,45.0
1036,2024-05-25,Peru,hogar,723.95,2,1447.9,Tarjeta,99.0,34.0
1018,2024-05-25,MEXICO,Electrónica,867.74,1,867.74,Efectivo,1.0,52.0
1287,2024-02-20,Peru,Electrónica,230.9,4,923.6,,1.0,52.0
1233,01-03-2024,MX,,592.2,1,592.2,Tarjeta,,200.0
1532,,,Electrónica,1699.0,1,1699.0,tarjeta,3.0,45.0
1579,2024-02-20,  México ,juguetes,863.98,1,$863.98,tarjeta,2.0,34.0
1034,01-03-2024,México,Juguetes,618.39,1,618.39,PayPal,5.0,200.0
1095,2024-05-25,ESPAÑA,electronica,343.95,3,1031.85,PayPal,3.0,34.0
1111,2024-05-25,España,ROPA,324.8,2,$649.6,Efectivo,4.0,-5.0
1273,01-03-2024,Peru,Hogar,264.27,1,264.27,,4.0,45.0
1194,2024-02-20,Perú,hogar,168.16,1,168.16,,1.0,200.0
1015,15/01/2024,,Electronica ,381.74,2,763.48,Tarjeta,1.0,52.0
1441,,Perú,hogar,590.31,1,590.31,,3.0,200.0
1346,2024/04/10,,Ropa,206.1,1,206.1,Efectivo,1.0,18.0
1316,2024/04/10,,Electronica ,219.34,1,219.34,tarjeta,5.0,52.0
1254,2024-05-25,MEXICO,Juguetes,681.88,1,681.88,Tarjeta,3.0,18.0
1288,2024-01-15,MX,Electronica ,160.51,1,160.51,Efectivo,2.0,18.0
1415,2024-01-15,mexico,Electrónica,285.69,1,285.69,Efectivo,,18.0
1023,01-03-2024,MX,juguetes,664.42,2,1328.84,paypal,,200.0
1466,,MEXICO,hogar,1026.09,2,2052.18,tarjeta,99.0,45.0
1506,,MEXICO,ROPA,386.75,1,$386.75,PayPal,1.0,
1422,,colombia,juguetes,607.36,3,1822.08,Tarjeta,5.0,52.0
1519,01-03-2024,,juguetes,1207.32,2,2414.64,paypal,3.0,18.0
1321,2024-05-25,MX,,1421.7,2,$2843.4,efectivo,99.0,52.0
1260,2024/04/10,México,hogar,1640.44,1,1640.44,Efectivo,,200.0
1431,15/01/2024,Peru,electronica,446.81,3,1340.43,PayPal,1.0,34.0
1057,2024-01-15,Colombia,Juguetes,365.8,1,$365.8,efectivo,2.0,18.0
1427,2024-02-20,Colombia,electronica,479.49,3,$1438.47,tarjeta,5.0,-5.0
1561,15/01/2024,Colombia,,359.33,2,718.66,Tarjeta,,45.0
1071,,mexico,electronica,146.8,3,440.4,paypal,99.0,200.0
1357,2024-01-15,ESPAÑA,Hogar,510.02,1,510.02,tarjeta,99.0,-5.0
1143,2024/04/10,México,Ropa,116.36,2,232.72,,3.0,-5.0
1488,2024-05-25,  México ,Electronica ,95.96,2,191.92,paypal,3.0,18.0
1147,2024-05-25,  México ,Hogar,484.23,1,$484.23,Efectivo,99.0,18.0
1215,2024-01-15,mexico,Ropa,1081.48,1,1081.48,PayPal,1.0,34.0
1289,15/01/2024,colombia,Electronica ,638.96,2,1277.92,Tarjeta,2.0,25.0
1218,2024-05-25,mexico,hogar,896.91,2,1793.82,PayPal,3.0,34.0
1546,2024/04/10,Peru,ROPA,,1,$242.55,PayPal,,18.0
1081,15/01/2024,mexico,Electrónica,1083.43,1,1083.43,PayPal,99.0,45.0
1126,,Colombia,ROPA,861.42,1,$861.42,Efectivo,4.0,25.0
1373,01-03-2024,Perú,Juguetes,339.67,2,$679.34,,3.0,
1502,2024-01-15,colombia,Electrónica,676.24,2,1352.48,paypal,3.0,18.0
1080,,colombia,Hogar,,1,$711.29,Tarjeta,5.0,52.0
1421,01-03-2024,colombia,Hogar,284.88,1,$284.88,efectivo,2.0,25.0
1269,2024-01-15,MX,ROPA,235.47,1,235.47,Efectivo,4.0,52.0
1449,2024-05-25,España,Hogar,643.75,1,643.75,tarjeta,3.0,18.0
1258,01-03-2024,,hogar,163.55,1,163.55,efectivo,5.0,
1255,2024/04/10,MX,Ropa,1416.92,1,$1416.92,Efectivo,2.0,18.0
1271,2024-05-25,mexico,Juguetes,807.19,1,807.19,efectivo,99.0,52.0
1259,2024-01-15,Peru,ROPA,853.83,1,$853.83,Tarjeta,5.0,18.0
1340,01-03-2024,Perú,Hogar,467.78,1,467.78,paypal,99.0,25.0
1024,2024-02-20,mexico,electronica,251.26,1,$251.26,PayPal,3.0,34.0
1550,2024-02-20,ESPAÑA,Hogar,,2,2036.9,Efectivo,1.0,
1346,2024/04/10,,Ropa,206.1,1,206.1,Efectivo,1.0,18.0
1280,15/01/2024,España,Hogar,763.41,1,$763.41,PayPal,1.0,-5.0
1051,01-03-2024,ESPAÑA,hogar,445.37,1,445.37,tarjeta,5.0,34.0
1321,2024-05-25,MX,,1421.7,2,$2843.4,efectivo,99.0,52.0
1122,2024-05-25,mexico,hogar,83.45,2,166.9,Tarjeta,,18.0
1585,2024/04/10,Colombia,Ropa,203.82,2,407.64,PayPal,,25.0
1193,2024-01-15,mexico,Juguetes,107.54,2,215.08,Efectivo,,18.0
1083,,Peru,juguetes,276.22,2,552.44,PayPal,99.0,200.0
1124,2024-02-20,México,Electrónica,868.55,1,868.55,tarjeta,1.0,-5.0
1482,2024-01-15,,Hogar,1292.63,4,5170.52,PayPal,4.0,34.0
1362,2024/04/10,colombia,electronica,1850.38,1,$1850.38,,1.0,52.0
1345,2024-02-20,España,ROPA,828.73,2,$1657.46,efectivo,,52.0
1573,15/01/2024,Peru,ROPA,372.03,1,$372.03,Efectivo,2.0,
1392,2024/04/10,México,Electronica ,957.19,2,1914.38,efectivo,4.0,45.0
1292,2024-02-20,Perú,ROPA,627.89,1,$627.89,Efectivo,4.0,25.0
1576,2024-01-15,Colombia,Hogar,589.72,1,$589.72,tarjeta,5.0,25.0
1300,2024-01-15,  México ,,513.78,1,513.78,paypal,3.0,200.0
1426,,MX,Juguetes,432.32,1,432.32,efectivo,2.0,34.0
1031,2024-01-15,  México ,hogar,195.66,4,$782.64,tarjeta,3.0,18.0
1437,01-03-2024,  México ,Hogar,,1,$1637.05,Efectivo,,52.0
1279,2024-05-25,Peru,Electrónica,1537.94,1,1537.94,,4.0,200.0
1167,2024-01-15,ESPAÑA,juguetes,795.07,1,795.07,,3.0,-5.0
1235,2024/04/10,,Juguetes,,4,$1432.12,PayPal,,52.0
1200,15/01/2024,Perú,ROPA,873.81,1,$873.81,PayPal,2.0,25.0
1589,01-03-2024,  México ,Ropa,789.99,2,$1579.98,efectivo,,34.0
1313,2024-01-15,ESPAÑA,Electronica ,1160.59,2,2321.18,,,-5.0
1459,2024-02-20,MX,juguetes,1010.71,1,$1010.71,paypal,99.0,34.0
1251,2024-01-15,  México ,juguetes,1524.96,1,$1524.96,efectivo,2.0,18.0
1480,2024-01-15,Colombia,ROPA,1541.47,5,7707.35,paypal,2.0,25.0
1173,,Peru,Electrónica,347.15,4,1388.6,PayPal,,-5.0
1217,01-03-2024,España,Ropa,996.32,4,3985.28,PayPal,3.0,-5.0
1476,01-03-2024,España,Juguetes,221.54,1,221.54,paypal,2.0,52.0
1368,2024-02-20,mexico,Electronica ,744.26,1,744.26,PayPal,5.0,45.0
1564,2024-01-15,colombia,juguetes,63.35,1,63.35,Tarjeta,2.0,52.0
1452,2024/04/10,ESPAÑA,Hogar,1463.98,2,$2927.96,PayPal,3.0,18.0
1101,,MX,Ropa,455.52,1,$455.52,paypal,4.0,18.0
1042,2024/04/10,Colombia,hogar,31517.5,1,31517.5,Tarjeta,5.0,200.0
1196,,México,ROPA,828.62,1,828.62,,2.0,-5.0
1490,15/01/2024,Colombia,Ropa,927.46,1,$927.46,Efectivo,2.0,52.0
1220,,  México ,Hogar,3801.83,1,3801.83,tarjeta,99.0,200.0
1359,2024/04/10,,juguetes,600.49,1,600.49,efectivo,99.0,45.0
1568,15/01/2024,Peru,hogar,1450.1,1,$1450.1,,99.0,200.0
1119,2024-05-25,España,Ropa,396.97,1,$396.97,paypal,,45.0
1380,2024-05-25,colombia,Electrónica,576.6,2,1153.2,paypal,1.0,34.0
1456,,ESPAÑA,Hogar,636.69,3,$1910.07,PayPal,3.0,45.0
1069,,México,,1083.29,1,1083.29,PayPal,5.0,45.0
1310,2024-01-15,España,juguetes,1582.52,1,1582.52,Tarjeta,,25.0
1172,2024-02-20,  México ,Hogar,1209.68,1,1209.68,Tarjeta,4.0,200.0
1149,2024-02-20,MEXICO,ROPA,328.64,3,$985.92,Tarjeta,3.0,200.0
1236,2024-05-25,Colombia,,493.71,1,$493.71,efectivo,2.0,-5.0
1037,2024-01-15,  México ,ROPA,4028.4999999999995,1,$4028.5,,99.0,34.0
1557,01-03-2024,ESPAÑA,Ropa,1114.4,1,1114.4,tarjeta,,52.0
1180,,España,Electrónica,376.96,1,376.96,tarjeta,5.0,25.0
1100,2024-01-15,,ROPA,719.36,1,$719.36,efectivo,2.0,-5.0
1432,2024-02-20,colombia,hogar,338.88,1,338.88,Tarjeta,99.0,25.0
1127,2024-02-20,ESPAÑA,Electrónica,1641.89,3,4925.67,efectivo,,25.0
1460,,España,juguetes,23622.0,2,47244.0,,3.0,18.0
1538,2024-01-15,colombia,,419.95,1,$419.95,Efectivo,1.0,52.0
1103,01-03-2024,Colombia,,316.99,3,950.97,Efectivo,,
1444,,España,ROPA,789.55,1,$789.55,efectivo,2.0,34.0
1246,2024-01-15,,Ropa,572.99,1,572.99,Tarjeta,,45.0
1478,2024-05-25,Colombia,Ropa,,2,2335.4,Tarjeta,4.0,52.0
1120,2024-01-15,México,Electronica ,219.87,1,219.87,Efectivo,1.0,200.0
1076,,  México ,,69.41,1,69.41,PayPal,99.0,200.0
1053,15/01/2024,MEXICO,Electronica ,597.37,3,1792.11,paypal,4.0,-5.0
1229,2024-01-15,España,Juguetes,429.91,1,429.91,tarjeta,1.0,34.0
1367,,Colombia,,838.52,1,838.52,PayPal,2.0,
1409,,MX,Hogar,39.55,1,39.55,Tarjeta,,
1110,01-03-2024,ESPAÑA,Electronica ,563.26,1,563.26,Tarjeta,5.0,45.0
1007,15/01/2024,Perú,Ropa,370.33,1,370.33,tarjeta,2.0,
1025,15/01/2024,,Hogar,808.59,2,$1617.18,Efectivo,2.0,45.0
1525,2024-02-20,  México ,Electrónica,366.8,1,366.8,Tarjeta,1.0,18.0
1322,01-03-2024,colombia,hogar,246.29,1,246.29,,3.0,18.0
1416,2024/04/10,España,Electronica ,245.73,1,245.73,tarjeta,99.0,
1352,15/01/2024,,hogar,359.38,2,718.76,,3.0,
1061,01-03-2024,Colombia,juguetes,709.79,1,709.79,,1.0,200.0
1207,2024-02-20,MEXICO,Juguetes,353.03,1,$353.03,tarjeta,3.0,-5.0
1493,2024-05-25,MX,hogar,109.12,1,$109.12,,3.0,52.0
1020,2024-05-25,Colombia,ROPA,113.43,1,113.43,Tarjeta,3.0,-5.0
1582,2024/04/10,México,Hogar,1088.82,2,$2177.64,Efectivo,1.0,-5.0
1009,15/01/2024,ESPAÑA,ROPA,1021.78,3,3065.34,tarjeta,,52.0
1462,2024/04/10,MEXICO,ROPA,348.79,4,1395.16,,3.0,52.0
1581,15/01/2024,Peru,juguetes,,2,400.28,Efectivo,2.0,52.0
1061,01-03-2024,Colombia,juguetes,709.79,1,709.79,,1.0,200.0
1365,15/01/2024,,Electronica ,269.42,1,$269.42,Tarjeta,5.0,18.0
1487,2024-05-25,MEXICO,electronica,751.79,1,751.79,tarjeta,5.0,45.0
1188,2024-01-15,Perú,Hogar,23264.5,4,93058.0,PayPal,1.0,52.0
1162,,colombia,juguetes,1543.54,1,1543.54,,99.0,200.0
1496,2024-01-15,colombia,hogar,,5,5103.6,tarjeta,1.0,200.0
1562,2024/04/10,  México ,electronica,142.65,4,570.6,tarjeta,2.0,34.0
1216,2024/04/10,mexico,hogar,316.17,1,316.17,,1.0,
1542,01-03-2024,España,electronica,723.04,2,1446.08,tarjeta,,-5.0
1489,15/01/2024,Colombia,,1400.93,1,1400.93,,4.0,
1545,2024-01-15,Peru,ROPA,224.29,1,224.29,PayPal,4.0,
1096,2024-05-25,,Electronica ,108.0,2,$216.0,efectivo,99.0,-5.0
1244,2024/04/10,MX,,59697.0,1,59697.0,efectivo,5.0,-5.0
1113,2024-01-15,,hogar,,5,864.35,Tarjeta,2.0,34.0
1014,2024-02-20,Perú,hogar,1738.67,2,3477.34,PayPal,1.0,200.0
1242,01-03-2024,mexico,juguetes,611.64,1,$611.64,Efectivo,4.0,34.0
1563,2024/04/10,ESPAÑA,electronica,707.79,1,707.79,Tarjeta,3.0,34.0
1509,2024/04/10,Colombia,hogar,166.9,1,$166.9,efectivo,,
1559,2024/04/10,mexico,Hogar,381.26,4,1525.04,PayPal,5.0,25.0
1529,2024-01-15,MEXICO,Electronica ,1309.37,1,$1309.37,PayPal,,200.0
1379,,  México ,electronica,50114.0,1,50114.0,Efectivo,4.0,52.0
1163,15/01/2024,  México ,,86.46,1,$86.46,tarjeta,2.0,-5.0
1485,01-03-2024,MEXICO,Electrónica,515.98,3,1547.94,Tarjeta,3.0,
1414,01-03-2024,Colombia,hogar,915.22,1,915.22,,3.0,25.0
1286,2024-02-20,  México ,Juguetes,788.61,1,788.61,paypal,5.0,
1249,2024-02-20,Perú,Ropa,109.12,4,436.48,Efectivo,,18.0
1264,2024/04/10,colombia,juguetes,249.12,1,249.12,paypal,99.0,200.0
1570,,Colombia,ROPA,743.41,2,1486.82,,3.0,
1293,2024-05-25,MX,hogar,1323.75,1,1323.75,,2.0,45.0
1528,01-03-2024,Colombia,electronica,520.63,2,1041.26,tarjeta,1.0,-5.0
1411,2024-05-25,Perú,Electrónica,,1,287.85,PayPal,99.0,45.0
1294,2024-05-25,,juguetes,868.78,1,868.78,efectivo,1.0,18.0
1232,2024-02-20,,Juguetes,189.74,1,$189.74,tarjeta,1.0,18.0
1569,15/01/2024,Peru,Juguetes,1074.27,1,1074.27,efectivo,99.0,200.0
1447,2024/04/10,colombia,ROPA,696.68,2,1393.36,Tarjeta,4.0,25.0
1304,15/01/2024,Perú,hogar,23202.0,2,46404.0,efectivo,,18.0
1429,,  México ,hogar,,1,408.67,PayPal,3.0,200.0
1578,2024-02-20,Perú,Electrónica,308.85,2,617.7,efectivo,3.0,-5.0
1171,2024-02-20,México,electronica,814.1,1,814.1,,1.0,34.0
1157,01-03-2024,  México ,Electronica ,257.34,1,$257.34,Efectivo,99.0,52.0
1406,2024-02-20,  México ,electronica,1685.64,2,$3371.28,Efectivo,5.0,-5.0
1307,2024-01-15,España,Ropa,518.21,1,518.21,efectivo,5.0,-5.0
1428,,mexico,Hogar,620.94,2,1241.88,Efectivo,5.0,-5.0
1520,2024-05-25,  México ,ROPA,98.92,1,98.92,PayPal,3.0,25.0
1401,15/01/2024,mexico,Electronica ,394.73,4,1578.92,paypal,99.0,
1339,15/01/2024,Colombia,ROPA,,1,139.13,Tarjeta,2.0,200.0
1524,15/01/2024,colombia,electronica,1109.76,4,$4439.04,paypal,,45.0
1398,01-03-2024,,juguetes,79.75,1,$79.75,Tarjeta,4.0,25.0
1364,2024-02-20,España,hogar,,1,895.04,Efectivo,2.0,18.0
1378,01-03-2024,Peru,juguetes,511.29,1,511.29,Tarjeta,4.0,200.0
1156,01-03-2024,México,Juguetes,368.01,2,736.02,Efectivo,2.0,
1179,15/01/2024,colombia,Juguetes,202.97,1,202.97,Tarjeta,1.0,34.0
1152,2024-05-25,Peru,juguetes,236.7,1,$236.7,paypal,,25.0
1151,2024-05-25,España,Electronica ,207.13,1,$207.13,Tarjeta,3.0,45.0
1078,2024-01-15,Colombia,Ropa,,1,1039.59,PayPal,4.0,25.0
1498,2024/04/10,Perú,Electrónica,324.1,1,$324.1,,2.0,52.0
1140,2024/04/10,colombia,Hogar,267.21,3,801.63,PayPal,3.0,-5.0
1554,2024-05-25,,Ropa,555.82,2,1111.64,tarjeta,99.0,45.0
1580,2024-05-25,colombia,,,1,914.15,Tarjeta,,34.0
1092,01-03-2024,Colombia,electronica,,1,616.05,tarjeta,,34.0
1556,01-03-2024,,Juguetes,,1,355.12,Tarjeta,1.0,34.0
1596,01-03-2024,ESPAÑA,Ropa,517.86,2,$1035.72,PayPal,,
1319,,colombia,Juguetes,319.36,1,319.36,Efectivo,99.0,34.0
1131,,MEXICO,Electronica ,171.56,1,171.56,tarjeta,4.0,
1197,,  México ,ROPA,60.13,1,60.13,Efectivo,2.0,-5.0
1588,,Colombia,hogar,39.95,1,$39.95,PayPal,4.0,200.0
1474,01-03-2024,Perú,ROPA,301.13,1,301.13,efectivo,5.0,45.0
1104,2024-02-20,colombia,Electrónica,977.36,1,977.36,Tarjeta,5.0,45.0
1010,15/01/2024,Colombia,Ropa,773.59,1,773.59,PayPal,1.0,45.0
1503,2024-05-25,  México ,Electronica ,328.78,1,328.78,Tarjeta,4.0,18.0
1329,2024-05-25,,Electronica ,648.09,1,$648.09,,3.0,45.0
1199,2024/04/10,MX,Electrónica,685.1,4,$2740.4,tarjeta,3.0,200.0
1356,,ESPAÑA,Juguetes,814.75,3,$2444.25,efectivo,,
1595,15/01/2024,,electronica,264.59,2,529.18,,1.0,52.0
1471,2024-01-15,Perú,juguetes,471.53,2,943.06,tarjeta,5.0,18.0
1531,2024-01-15,,Ropa,631.77,1,631.77,Efectivo,3.0,
1592,01-03-2024,mexico,Electrónica,766.45,1,$766.45,,,25.0
1133,2024/04/10,España,electronica,482.86,2,$965.72,,4.0,200.0
1118,2024-01-15,Colombia,ROPA,656.9,1,656.9,paypal,,34.0
1370,2024-01-15,Perú,ROPA,313.31,1,313.31,Tarjeta,4.0,45.0
1302,01-03-2024,mexico,Hogar,255.04,1,255.04,paypal,2.0,52.0
1134,01-03-2024,Perú,electronica,432.22,1,432.22,Efectivo,99.0,18.0
1468,2024-01-15,Perú,Hogar,649.99,1,649.99,tarjeta,,18.0
1481,,España,ROPA,990.76,1,990.76,Tarjeta,4.0,-5.0
1544,01-03-2024,mexico,electronica,1102.08,2,2204.16,Efectivo,2.0,-5.0
1387,15/01/2024,ESPAÑA,Juguetes,387.07,1,387.07,PayPal,,-5.0
1484,2024-01-15,MEXICO,juguetes,764.63,1,764.63,paypal,2.0,18.0
1005,2024-02-20,México,Hogar,,1,328.69,PayPal,5.0,
1278,15/01/2024,  México ,hogar,1518.59,1,1518.59,Efectivo,99.0,45.0
1446,01-03-2024,MEXICO,juguetes,375.32,1,$375.32,tarjeta,3.0,45.0
1282,2024/04/10,MX,Hogar,166.77,1,166.77,,2.0,25.0
1315,15/01/2024,,hogar,1243.98,1,$1243.98,efectivo,5.0,34.0
1382,2024-02-20,Perú,,583.22,1,$583.22,,5.0,52.0
1115,,MEXICO,Electrónica,829.42,2,1658.84,PayPal,1.0,18.0
1410,2024-02-20,México,electronica,86.06,1,86.06,efectivo,2.0,52.0
1075,2024/04/10,Colombia,electronica,232.12,2,464.24,PayPal,5.0,-5.0
1084,2024-01-15,ESPAÑA,Electrónica,129.31,1,129.31,Tarjeta,99.0,
1053,15/01/2024,MEXICO,Electronica ,597.37,3,1792.11,paypal,4.0,-5.0
1479,01-03-2024,  México ,hogar,258.93,1,258.93,tarjeta,2.0,18.0
1549,2024/04/10,Peru,Electronica ,382.66,2,765.32,PayPal,4.0,52.0
1333,15/01/2024,Colombia,Juguetes,352.04,3,1056.12,,99.0,25.0
1208,2024-02-20,mexico,Hogar,558.47,1,558.47,PayPal,2.0,200.0
1206,2024-05-25,Peru,Ropa,216.48,3,649.44,paypal,4.0,-5.0
1073,15/01/2024,,hogar,360.03,2,720.06,efectivo,1.0,200.0
1008,2024/04/10,colombia,juguetes,65.46,2,130.92,Efectivo,99.0,52.0
1222,2024-05-25,Colombia,juguetes,84.86,5,424.3,PayPal,4.0,34.0
1045,,Colombia,,,3,$1084.41,Efectivo,2.0,
1262,15/01/2024,MX,Electronica ,,1,$451.48,,99.0,
1027,,mexico,Ropa,958.88,5,4794.4,paypal,99.0,25.0
1003,2024-02-20,Peru,Hogar,124.67,1,124.67,PayPal,1.0,
1323,2024/04/10,Peru,hogar,1017.71,3,3053.13,Tarjeta,4.0,25.0
1016,01-03-2024,Colombia,Ropa,1605.71,1,$1605.71,efectivo,3.0,18.0
1404,,MEXICO,hogar,685.88,1,685.88,efectivo,5.0,45.0
1239,15/01/2024,MEXICO,Electronica ,289.46,2,578.92,Tarjeta,4.0,-5.0
1041,2024-05-25,Perú,Hogar,495.57,2,991.14,paypal,1.0,200.0
1176,2024/04/10,MX,Juguetes,561.43,1,561.43,efectivo,3.0,200.0
1272,,MEXICO,hogar,13034.0,2,26068.0,paypal,5.0,-5.0
1129,,  México ,Ropa,224.96,2,449.92,paypal,,34.0
1419,01-03-2024,Colombia,Electronica ,1007.06,2,2014.12,Efectivo,2.0,34.0
1504,15/01/2024,MX,Juguetes,362.78,1,362.78,,5.0,-5.0
1079,15/01/2024,Colombia,hogar,283.88,2,$567.76,efectivo,3.0,25.0
1402,01-03-2024,España,Juguetes,254.03,2,508.06,efectivo,2.0,200.0
1164,2024-05-25,MX,electronica,774.56,1,774.56,Efectivo,4.0,
1407,2024-01-15,mexico,Juguetes,31039.999999999996,2,62080.0,,2.0,45.0
1059,2024-02-20,España,electronica,450.81,1,450.81,Tarjeta,3.0,52.0
1425,,ESPAÑA,Juguetes,542.7,2,1085.4,tarjeta,1.0,34.0
1572,2024-01-15,Peru,hogar,,1,$813.17,Efectivo,3.0,
1393,2024-02-20,mexico,Electrónica,295.65,1,$295.65,efectivo,1.0,25.0
1430,2024-01-15,México,Electrónica,214.51,1,$214.51,Tarjeta,4.0,25.0
1202,2024-02-20,México,,934.76,1,934.76,Efectivo,99.0,18.0
1543,01-03-2024,México,Electrónica,743.51,1,$743.51,Efectivo,3.0,25.0
1183,01-03-2024,  México ,Electrónica,607.63,1,$607.63,paypal,1.0,34.0
1320,2024-02-20,México,ROPA,420.95,2,841.9,PayPal,4.0,-5.0
1177,2024-05-25,colombia,Electrónica,766.95,3,2300.85,Efectivo,,200.0
1424,15/01/2024,Perú,,475.59,1,475.59,tarjeta,4.0,25.0
1560,01-03-2024,España,hogar,614.93,1,$614.93,tarjeta,,25.0
1093,01-03-2024,México,ROPA,441.35,3,1324.05,PayPal,1.0,
1168,2024-05-25,MX,juguetes,1138.76,1,1138.76,,4.0,25.0
1201,2024-02-20,MEXICO,juguetes,1218.05,1,1218.05,Tarjeta,1.0,-5.0
1082,2024-02-20,MX,Ropa,129.87,1,129.87,,99.0,200.0
1048,2024-02-20,Colombia,,123.77,4,$495.08,efectivo,4.0,200.0
1158,01-03-2024,mexico,Juguetes,400.26,1,400.26,,1.0,45.0
1085,15/01/2024,Colombia,electronica,900.61,1,900.61,tarjeta,99.0,200.0
1191,15/01/2024,Peru,juguetes,291.58,1,291.58,Efectivo,99.0,52.0
1153,2024-01-15,Perú,hogar,217.17,2,$434.34,tarjeta,2.0,18.0
1154,2024-05-25,ESPAÑA,juguetes,747.15,2,1494.3,PayPal,,25.0
1130,2024-02-20,Colombia,electronica,230.4,1,230.4,efectivo,99.0,52.0
1405,,ESPAÑA,Juguetes,549.34,1,549.34,efectivo,1.0,52.0
1397,2024-05-25,Colombia,electronica,636.86,1,636.86,paypal,99.0,-5.0
1372,2024-01-15,ESPAÑA,electronica,169.36,1,169.36,Efectivo,3.0,18.0
1512,01-03-2024,México,ROPA,354.82,5,1774.1,paypal,4.0,18.0
1475,,,Electronica ,191.74,1,$191.74,Tarjeta,99.0,45.0
1010,15/01/2024,Colombia,Ropa,773.59,1,773.59,PayPal,1.0,45.0
1086,01-03-2024,México,ROPA,858.76,2,1717.52,Tarjeta,1.0,
1035,2024-02-20,Colombia,electronica,183.38,1,183.38,PayPal,2.0,25.0
1598,2024/04/10,colombia,juguetes,183.98,4,$735.92,paypal,99.0,25.0
1213,2024-02-20,España,electronica,1043.89,2,2087.78,Tarjeta,2.0,-5.0
1381,2024/04/10,México,electronica,385.49,1,385.49,Efectivo,3.0,-5.0
1028,2024/04/10,colombia,Ropa,559.15,2,$1118.3,efectivo,,34.0
1578,2024-02-20,Perú,Electrónica,308.85,2,617.7,efectivo,3.0,-5.0
1311,2024-02-20,Colombia,juguetes,,1,466.52,paypal,2.0,34.0
1303,,Perú,Hogar,511.12,1,511.12,,1.0,52.0
1117,2024-01-15,México,Ropa,87.26,3,261.78,Tarjeta,3.0,34.0
1107,2024-01-15,Peru,,148.08,1,148.08,tarjeta,99.0,18.0
1541,2024-02-20,,,219.22,1,219.22,PayPal,4.0,25.0
1198,2024-05-25,,Electrónica,231.26,1,$231.26,tarjeta,99.0,25.0
1384,01-03-2024,MEXICO,electronica,569.86,2,$1139.72,paypal,5.0,34.0
1281,2024/04/10,Peru,Electronica ,912.32,2,1824.64,tarjeta,3.0,-5.0
1045,,Colombia,,,3,$1084.41,Efectivo,2.0,
1517,2024/04/10,Colombia,juguetes,146.57,1,146.57,paypal,3.0,-5.0
1144,2024/04/10,mexico,,325.61,1,$325.61,paypal,1.0,45.0
1353,15/01/2024,México,ROPA,583.78,4,2335.12,tarjeta,3.0,
1029,2024-05-25,ESPAÑA,Ropa,858.36,1,858.36,tarjeta,4.0,34.0
1335,2024-05-25,Colombia,Electrónica,1875.72,1,1875.72,tarjeta,4.0,52.0
1435,2024-02-20,colombia,electronica,,1,1601.49,tarjeta,99.0,200.0
1454,2024/04/10,colombia,Electronica ,668.69,2,1337.38,Efectivo,,18.0
1011,15/01/2024,colombia,Electronica ,744.06,1,744.06,Tarjeta,,45.0
1142,15/01/2024,MX,Juguetes,23535.5,1,$23535.5,Efectivo,2.0,52.0
1394,2024-01-15,  México ,,214.84,1,$214.84,Efectivo,1.0,
1555,,ESPAÑA,Ropa,401.63,2,$803.26,efectivo,5.0,52.0
1589,01-03-2024,  México ,Ropa,789.99,2,$1579.98,efectivo,,34.0
1285,15/01/2024,MX,juguetes,1947.45,2,$3894.9,Efectivo,5.0,45.0
1527,2024-02-20,,electronica,124.69,4,498.76,paypal,1.0,52.0
1067,2024-05-25,ESPAÑA,juguetes,1040.51,1,$1040.51,tarjeta,2.0,34.0
1533,15/01/2024,colombia,,728.18,1,728.18,,4.0,200.0
1483,2024-05-25,España,ROPA,913.44,1,$913.44,PayPal,1.0,200.0
1338,01-03-2024,México,juguetes,686.12,3,2058.36,efectivo,3.0,18.0
1324,2024/04/10,mexico,Ropa,524.93,3,$1574.79,paypal,3.0,
1451,01-03-2024,colombia,Juguetes,868.21,1,868.21,PayPal,1.0,34.0
1375,,España,Electronica ,335.22,1,335.22,Efectivo,99.0,18.0
1329,2024-05-25,,Electronica ,648.09,1,$648.09,,3.0,45.0
1298,01-03-2024,Perú,juguetes,,1,548.2,efectivo,4.0,
1314,01-03-2024,MEXICO,Hogar,1447.31,1,1447.31,efectivo,1.0,34.0
1248,2024-05-25,Perú,electronica,645.17,1,645.17,efectivo,,34.0
1508,01-03-2024,MEXICO,Juguetes,438.87,1,$438.87,Tarjeta,5.0,45.0
1263,2024-02-20,España,Electronica ,487.16,1,$487.16,paypal,5.0,-5.0
1433,2024-02-20,,Ropa,160.56,1,160.56,paypal,,-5.0
1386,2024-01-15,ESPAÑA,electronica,13384.5,1,13384.5,efectivo,,18.0
1473,2024-05-25,España,Ropa,339.16,1,$339.16,efectivo,5.0,-5.0
1305,2024-05-25,Perú,Hogar,835.22,1,835.22,,1.0,200.0
1341,2024-05-25,ESPAÑA,hogar,,1,$9762.5,paypal,1.0,18.0
1019,2024-02-20,MX,Juguetes,,2,306.02,tarjeta,3.0,18.0
1514,,México,ROPA,333.96,2,667.92,Tarjeta,3.0,
1121,2024/04/10,  México ,electronica,385.57,1,385.57,paypal,2.0,25.0
1136,2024-01-15,México,ROPA,426.22,1,426.22,paypal,1.0,
1043,01-03-2024,colombia,Juguetes,439.22,1,439.22,efectivo,1.0,-5.0
1318,2024-05-25,ESPAÑA,Electronica ,260.51,2,521.02,,,200.0
1593,15/01/2024,Colombia,ROPA,354.76,1,354.76,efectivo,99.0,34.0
1518,2024-05-25,España,electronica,,1,$113992.0,Efectivo,99.0,200.0
1226,2024-05-25,MX,Ropa,263.45,2,526.9,tarjeta,,200.0
1470,01-03-2024,  México ,Electrónica,1073.65,1,1073.65,PayPal,1.0,-5.0
1291,2024-02-20,Perú,,,1,797.41,Efectivo,1.0,-5.0
1033,,,juguetes,322.86,1,322.86,tarjeta,1.0,200.0
1000,2024-02-20,ESPAÑA,Juguetes,340.38,1,340.38,Tarjeta,5.0,18.0
1135,15/01/2024,Colombia,ROPA,405.67,1,405.67,Tarjeta,3.0,34.0
1465,15/01/2024,Colombia,juguetes,133.26,1,133.26,efectivo,,25.0
1358,,Colombia,Hogar,362.62,1,$362.62,PayPal,99.0,
1552,01-03-2024,Colombia,Juguetes,1001.18,1,1001.18,Tarjeta,3.0,18.0
1225,2024/04/10,México,electronica,441.94,1,441.94,efectivo,5.0,52.0
1326,2024-01-15,mexico,electronica,502.8,1,502.8,Efectivo,1.0,18.0
1513,,colombia,Ropa,371.63,1,371.63,Efectivo,99.0,45.0
1190,2024-02-20,ESPAÑA,ROPA,1181.66,1,$1181.66,tarjeta,4.0,18.0
1539,2024-05-25,  México ,Juguetes,,2,949.0,,4.0,
1243,,Colombia,Hogar,420.78,1,420.78,paypal,99.0,200.0
1266,2024-01-15,MX,ROPA,624.99,2,$1249.98,PayPal,3.0,34.0
1547,15/01/2024,Perú,Electronica ,47.11,1,$47.11,Efectivo,2.0,200.0
1048,2024-02-20,Colombia,,123.77,4,$495.08,efectivo,4.0,200.0
1204,2024-05-25,Perú,,735.09,4,$2940.36,,4.0,200.0
1102,2024/04/10,colombia,,225.84,3,$677.52,paypal,5.0,200.0
1066,01-03-2024,Perú,Electronica ,664.34,1,664.34,,3.0,-5.0
1022,,  México ,Ropa,757.97,1,757.97,,2.0,45.0
1091,,MX,ROPA,941.72,2,1883.44,paypal,5.0,25.0
1463,01-03-2024,mexico,,1221.8,1,1221.8,PayPal,2.0,200.0
1510,01-03-2024,España,Hogar,468.57,1,468.57,Tarjeta,99.0,
1332,2024-01-15,ESPAÑA,Hogar,170.11,1,$170.11,Tarjeta,99.0,18.0
1350,2024-05-25,ESPAÑA,hogar,574.79,1,574.79,tarjeta,2.0,
1253,2024-05-25,Perú,hogar,766.36,1,766.36,efectivo,3.0,-5.0
1467,,Colombia,hogar,931.74,1,931.74,tarjeta,99.0,45.0
1469,2024/04/10,mexico,hogar,877.7,2,$1755.4,Efectivo,3.0,-5.0
1161,01-03-2024,MX,Juguetes,724.43,1,$724.43,paypal,99.0,52.0
1374,2024-02-20,MEXICO,Electronica ,696.68,1,696.68,Tarjeta,2.0,
1064,2024-05-25,ESPAÑA,Electrónica,268.78,2,537.56,PayPal,1.0,200.0
1420,,México,Ropa,328.46,4,1313.84,efectivo,3.0,
1203,2024-02-20,Colombia,Ropa,483.94,1,483.94,efectivo,1.0,
1526,15/01/2024,España,electronica,608.13,2,1216.26,efectivo,2.0,-5.0
1587,,  México ,Juguetes,449.48,1,$449.48,PayPal,2.0,45.0
1247,01-03-2024,ESPAÑA,Hogar,,5,$3226.9,Efectivo,3.0,25.0
1224,,,Hogar,280.72,3,842.16,PayPal,,-5.0
1209,2024/04/10,mexico,Juguetes,1039.99,2,2079.98,efectivo,5.0,200.0
1583,01-03-2024,  México ,juguetes,250.03,1,250.03,PayPal,2.0,-5.0
1497,15/01/2024,colombia,hogar,713.71,5,$3568.55,,99.0,45.0
1306,2024-01-15,mexico,hogar,,2,2560.58,tarjeta,,
1169,15/01/2024,colombia,Electronica ,607.86,1,607.86,PayPal,3.0,52.0
1366,,Perú,hogar,787.47,1,$787.47,Tarjeta,2.0,200.0
1354,2024-02-20,Peru,Hogar,1188.19,1,$1188.19,,4.0,52.0
1594,2024-05-25,ESPAÑA,electronica,393.74,1,$393.74,PayPal,2.0,18.0
1413,,España,electronica,531.43,1,531.43,tarjeta,1.0,18.0
1230,01-03-2024,Peru,hogar,223.4,1,223.4,Efectivo,1.0,200.0
1046,2024-05-25,MX,Electrónica,397.46,2,794.92,paypal,99.0,25.0
1500,2024-05-25,MEXICO,,579.65,1,579.65,paypal,1.0,200.0
1240,2024-05-25,México,juguetes,1016.62,1,1016.62,,,45.0
1399,2024-05-25,ESPAÑA,Juguetes,649.99,2,1299.98,efectivo,5.0,
1247,01-03-2024,ESPAÑA,Hogar,,5,$3226.9,Efectivo,3.0,25.0
1455,,Colombia,Ropa,519.73,3,1559.19,Tarjeta,4.0,25.0
1205,2024-01-15,España,Electrónica,249.95,2,499.9,,1.0,52.0
1371,15/01/2024,MEXICO,Electrónica,616.54,5,$3082.7,Tarjeta,3.0,52.0
1108,2024/04/10,España,hogar,697.6,1,$697.6,paypal,3.0,18.0
1219,15/01/2024,Peru,Electronica ,,2,2198.74,tarjeta,,-5.0
1290,2024-05-25,Peru,electronica,609.93,2,1219.86,Efectivo,5.0,-5.0
1001,2024-01-15,España,Ropa,439.44,1,439.44,paypal,1.0,34.0
1328,2024-01-15,MEXICO,ROPA,359.61,1,359.61,paypal,3.0,18.0
1507,2024/04/10,México,hogar,434.3,1,$434.3,efectivo,,25.0
1586,,Peru,Electrónica,281.0,1,$281.0,paypal,2.0,
1552,01-03-2024,Colombia,Juguetes,1001.18,1,1001.18,Tarjeta,3.0,18.0
1403,2024-05-25,México,Hogar,724.1,1,724.1,tarjeta,99.0,
1536,2024/04/10,España,Hogar,,1,697.37,Efectivo,4.0,18.0
1261,01-03-2024,España,Electrónica,1451.69,1,1451.69,efectivo,,52.0
1388,01-03-2024,España,hogar,1051.43,4,4205.72,tarjeta,,
1144,2024/04/10,mexico,,325.61,1,$325.61,paypal,1.0,45.0
1440,2024-01-15,ESPAÑA,juguetes,1089.72,1,1089.72,Efectivo,3.0,
1186,2024/04/10,MX,,1146.13,1,1146.13,Tarjeta,5.0,34.0
1052,2024-01-15,Perú,juguetes,,1,$579.47,efectivo,4.0,200.0
1355,2024-05-25,Perú,ROPA,697.64,1,$697.64,tarjeta,,200.0
1245,2024-02-20,ESPAÑA,Electrónica,632.13,1,$632.13,paypal,2.0,45.0
1334,01-03-2024,MEXICO,Electrónica,1546.59,1,1546.59,Efectivo,5.0,-5.0
1434,2024-05-25,MX,hogar,53.79,1,$53.79,PayPal,,52.0
1575,2024-05-25,colombia,hogar,972.78,1,972.78,tarjeta,3.0,-5.0
1182,,México,juguetes,554.75,1,554.75,,4.0,52.0
1492,2024-05-25,MX,electronica,966.8,1,966.8,paypal,2.0,52.0
1291,2024-02-20,Perú,,,1,797.41,Efectivo,1.0,-5.0
1058,2024-02-20,,Juguetes,271.9,1,271.9,paypal,5.0,52.0
1443,15/01/2024,  México ,Hogar,13.42,1,13.42,paypal,4.0,25.0
1360,01-03-2024,Perú,Hogar,415.37,1,$415.37,tarjeta,4.0,
1049,01-03-2024,México,Ropa,644.07,1,644.07,efectivo,,18.0
1312,01-03-2024,España,Juguetes,151.8,1,151.8,,1.0,34.0
1137,15/01/2024,Colombia,Electrónica,350.46,1,$350.46,Efectivo,1.0,
1486,2024/04/10,ESPAÑA,Hogar,410.37,4,1641.48,,1.0,200.0
1275,,colombia,Hogar,1432.47,3,$4297.41,,99.0,-5.0
1395,2024-01-15,  México ,Juguetes,909.9,1,$909.9,efectivo,99.0,200.0
1129,,  México ,Ropa,224.96,2,449.92,paypal,,34.0
1214,2024-05-25,ESPAÑA,electronica,235.17,1,235.17,paypal,3.0,25.0
1274,2024-01-15,,,891.5,4,3566.0,efectivo,5.0,34.0
1012,2024-05-25,ESPAÑA,hogar,810.51,1,810.51,paypal,2.0,34.0
1234,2024-02-20,  México ,Hogar,,2,891.24,efectivo,2.0,200.0
1477,,Colombia,Electrónica,587.19,2,1174.38,PayPal,,
1472,01-03-2024,colombia,ROPA,392.36,1,$392.36,,2.0,18.0
1187,2024-05-25,Peru,Hogar,1627.42,1,1627.42,Efectivo,3.0,-5.0
1238,2024/04/10,Perú,Electrónica,158.3,4,633.2,paypal,3.0,200.0
1417,2024/04/10,  México ,hogar,434.21,1,434.21,PayPal,,200.0
1347,2024-01-15,Perú,Hogar,1009.88,1,1009.88,efectivo,99.0,52.0
1241,01-03-2024,Perú,Hogar,323.0,4,1292.0,Tarjeta,2.0,52.0
1296,2024-01-15,colombia,juguetes,,1,$232.64,Tarjeta,1.0,45.0
1571,2024-05-25,Colombia,juguetes,1138.24,1,1138.24,efectivo,4.0,45.0
1436,15/01/2024,Peru,electronica,,2,$1491.82,,,-5.0
1534,2024-05-25,mexico,hogar,353.14,2,$706.28,PayPal,3.0,
1577,,Peru,Hogar,,2,$1540.7,Tarjeta,4.0,52.0
1125,2024/04/10,,Hogar,852.27,4,3409.08,efectivo,2.0,-5.0
1056,2024-05-25,México,,,1,396.83,Efectivo,5.0,45.0
1501,,  México ,Juguetes,1193.45,1,1193.45,,,
1348,2024-01-15,Colombia,Ropa,166.1,3,498.3,Tarjeta,5.0,52.0
1382,2024-02-20,Perú,,583.22,1,$583.22,,5.0,52.0
